TweetId,Text_Only_Informative,Image_Only_Informative,Directed_Hate,Generalized_Hate,Sarcasm,Allegation,Justification,Refutation,Support,Oppose
1052098589466349568,0,0,0,0,1,1,0,1,1,0
1052098315687346177,1,0,0,1,0,1,0,0,0,0
1052098267608207360,1,1,0,0,1,0,1,0,0,1
1052098149727137792,1,0,0,0,1,0,0,1,0,1
1052098136007532544,1,1,1,1,0,0,1,0,0,1
1052097636650512389,0,1,0,0,1,1,1,1,1,0
1052097634385649665,0,0,1,1,0,0,0,0,0,1
1052097341518430208,1,0,0,0,0,0,1,1,1,0
1052097221703987200,1,1,1,1,1,1,0,0,0,1
1052097078459916289,0,1,1,1,1,1,1,0,1,1
1052097076966780928,1,1,1,0,0,0,0,0,1,0
1052097009077903360,0,1,1,1,1,0,1,0,1,0
1052096986298503168,0,0,0,1,0,0,0,1,0,0
1052096831424004097,0,1,1,0,1,0,0,1,0,0
1052096530306490368,0,1,0,0,0,0,0,0,1,0
1052096482579554304,1,0,1,0,0,0,1,1,1,0
1052096197710643200,0,1,1,1,0,1,1,0,0,0
1052095579659079680,0,1,0,0,1,0,0,1,1,1
1052095573988241408,1,0,1,0,1,1,1,1,1,1
1052095480782442496,1,0,0,0,1,0,1,0,1,1
1052095436700319744,1,0,0,1,1,1,1,1,0,0
1052095279967567872,1,0,0,1,0,1,1,0,0,1
1052095275664375808,0,1,1,0,0,1,1,0,0,0
1052095254386679808,1,1,0,1,0,0,1,1,0,1
1052095221817896966,0,0,0,1,0,0,0,0,0,1
1052095167984033792,1,0,1,0,0,0,0,0,1,1
1052095014266793984,1,1,0,0,1,1,0,0,0,0
1052094870641201153,0,1,0,1,1,1,1,1,1,0
1052094741616168960,0,1,0,0,1,0,0,0,1,0
1052094512317652992,0,1,0,0,1,0,0,0,1,1
1052094361960423425,0,1,1,1,0,1,1,0,1,0
1052094025115811840,1,1,0,0,1,1,1,0,0,0
1052093825127202816,0,0,1,0,0,1,0,0,1,1
1052093768734793728,1,0,1,0,1,1,0,0,0,0
1052093287216033792,0,0,0,1,0,0,1,1,1,1
1052093285265809408,0,0,0,0,0,0,1,1,1,1
1052092980692021249,0,1,1,1,1,1,1,0,1,1
1052092883824594945,0,0,1,1,1,1,0,0,0,0
1052092726416723968,0,1,1,0,0,1,0,1,0,1
1052092574813618176,0,0,1,1,0,0,1,0,1,1
1052092572963753984,0,0,1,1,1,0,1,1,0,0
1052092560930295814,1,0,1,1,0,0,1,0,1,0
1052092547957436416,0,0,0,1,0,1,0,0,0,0
1052092477430161408,1,1,0,1,0,1,0,1,0,1
1052092377060528128,0,1,1,1,0,0,0,0,0,1
1052092075024556032,0,1,1,0,0,1,1,1,0,1
1052091040759394309,0,0,1,0,1,0,1,0,0,0
1052090909565886464,1,1,1,1,1,0,0,1,1,1
1052090662219264000,0,0,1,1,0,0,1,1,0,0
1052090614744051712,1,0,0,0,1,1,1,1,1,0
1052090411844546560,0,1,1,0,0,1,1,1,0,0
1052090409764044800,1,1,1,1,1,0,0,0,0,0
1052090198798946304,0,1,0,0,0,0,0,1,0,0
1052089712004014083,1,1,1,0,1,0,1,1,1,0
1052089693448429568,0,0,0,0,0,1,0,0,1,1
1052089600229957632,1,1,0,0,0,1,1,1,0,1
1052089572870385665,1,0,1,0,1,0,0,1,0,1
1052089495682715650,1,0,0,0,1,0,1,0,0,1
1052089393757003776,0,0,0,0,1,0,0,0,1,1
1052089363667017728,1,0,1,1,0,0,1,0,0,1
1052088792813789184,0,1,1,1,1,1,0,1,0,1
1052088362033655808,1,0,0,0,1,1,1,1,1,0
1052087939918913536,1,0,0,1,1,0,1,1,0,0
1052087882641432577,0,0,0,0,1,0,0,0,0,0
1052087650620866560,1,1,1,0,0,0,1,1,0,0
1052087530768789504,0,0,0,0,1,1,0,1,1,0
1052087485801459712,1,0,1,1,1,0,0,0,0,0
1052087335846912000,1,1,0,0,1,1,1,1,1,0
1052087135782735872,0,0,1,0,0,1,1,0,1,0
1052086887765049345,1,0,1,1,1,0,0,1,1,0
1052086619350675457,1,1,1,0,1,1,1,1,1,1
1052086347152977920,1,1,1,1,0,1,1,0,0,1
1052085871430627328,0,0,1,1,0,0,0,1,1,0
1052085849012297728,0,1,1,1,0,1,1,0,0,1
1052085710453440513,0,0,0,1,0,1,0,1,0,1
1052085582145318914,1,1,0,0,0,0,0,1,1,1
1052085466621779968,0,0,1,0,1,1,1,0,0,1
1052085070490730496,1,0,0,0,1,1,0,0,1,0
1052084873953927168,0,0,1,0,0,1,0,1,0,1
1052084836670865408,0,1,1,0,1,0,1,1,1,1
1052084807671443456,0,1,1,1,1,1,0,0,0,1
1052084623763591168,1,1,1,0,0,0,0,0,0,1
1052084592734294016,1,0,0,1,0,0,1,0,1,0
1052084572903620608,1,1,0,1,0,0,0,0,0,0
1052084247048200192,1,0,1,1,0,1,1,0,0,0
1052084179880603648,0,1,0,0,0,0,0,0,1,0
1052084007284948992,0,0,1,0,1,1,0,0,1,1
1052083810362253312,0,0,1,1,1,1,1,1,1,0
1052083802011398144,1,1,1,1,0,1,1,0,1,1
1052082982855487488,0,0,1,0,1,1,1,1,1,0
1052082936390942720,1,0,0,1,0,1,1,0,1,0
1052082722657759232,0,1,1,1,1,1,1,1,1,0
1052082560942129153,1,1,0,1,0,1,1,1,1,0
1052082534748737536,0,0,1,0,0,1,0,1,1,1
1052082344339869701,0,0,1,0,1,0,0,1,0,0
1052082233178279936,0,0,0,0,0,1,1,0,1,0
1052082058976083968,0,1,0,0,1,1,0,0,0,1
1052081962175922178,0,0,0,0,0,0,0,1,0,0
1052081549766782976,1,1,0,1,0,0,1,0,0,0
1052081173663498240,1,1,0,0,1,1,0,0,0,0
1052080951872782337,0,1,0,1,0,0,1,1,1,0
1052080494148370432,0,0,1,1,1,0,1,1,0,0
1052080298702163968,1,0,0,0,0,1,1,1,1,0
1052080252770508801,0,0,0,0,1,1,1,0,0,1
1052080009584754689,1,1,1,1,1,1,0,1,0,0
1052079926759714816,1,0,1,1,1,1,1,1,0,0
1052079712678412290,0,0,0,0,1,0,1,0,1,0
1052079232124366848,0,1,1,1,1,0,1,1,0,1
1052079224616574976,1,1,0,1,1,1,1,1,0,0
1052079105087365121,1,1,1,1,1,0,1,1,0,1
1052078987114106880,0,0,0,1,1,1,1,1,0,1
1052078892121387008,0,1,0,1,0,0,1,0,0,0
1052078492253208576,0,0,1,1,0,0,1,1,0,1
1052078098588479488,1,1,0,0,1,0,0,1,1,0
1052078071581483008,1,1,1,0,0,0,0,1,1,0
1052077774121381889,0,0,0,0,0,0,0,1,1,1
1052077464187416576,0,1,1,0,0,1,0,0,0,0
1052077339696291840,0,0,1,0,1,1,1,1,1,0
1052077320218009601,1,0,0,0,1,0,0,0,0,0
1052077225716183042,1,1,1,0,0,1,1,0,1,1
1052076836241465345,0,1,0,0,1,0,1,1,0,1
1052076682717224960,0,0,1,0,1,1,1,0,0,0
1052076520532004864,1,1,1,1,1,0,0,0,1,0
1052075640961167360,1,1,1,1,1,0,1,0,1,0
1052075311213543425,0,1,1,0,0,0,1,0,0,1
1052075256637218817,0,1,1,0,1,1,0,0,1,0
1052075119915356166,0,0,0,1,1,0,1,0,0,0
1052074368681951232,1,0,0,0,1,1,0,0,0,1
1052074132668641280,0,0,1,0,1,0,1,0,0,1
1052074078402564097,0,0,0,0,0,1,0,1,1,1
1052073241995632641,1,1,0,1,0,1,1,1,0,0
1052073191072559104,1,1,0,1,1,1,1,0,0,1
1052073044032806912,0,1,1,1,1,1,1,0,0,0
1052072903989231616,0,1,0,1,0,1,1,0,0,0
1052072717481123840,1,0,0,0,1,1,0,1,0,0
1052072508063539200,0,1,0,1,0,1,1,1,1,1
1052072192308117504,1,1,1,0,0,0,0,1,0,0
1052072007087489024,1,1,0,0,0,1,0,1,0,0
1052071806687793153,1,0,0,1,0,0,0,1,0,0
1052071765092909056,0,1,1,0,0,1,1,1,0,1
1052071440017698816,1,0,1,1,1,1,1,1,1,0
1052071417351671808,0,1,0,0,1,1,0,0,1,1
1052071133619482624,1,1,1,1,0,0,1,0,1,1
1052070017003474944,1,0,1,1,0,1,0,0,1,1
1052069394053038080,1,0,1,1,0,0,0,1,0,0
1052069324146597888,1,0,1,0,0,1,1,0,0,0
1052069242584133632,1,0,0,0,1,1,1,0,1,1
1052067822375964679,1,0,0,0,0,0,0,0,1,0
1052067409908121600,1,0,0,0,0,1,0,1,1,0
1052067287337816064,1,0,1,1,1,1,0,0,0,0
1052066971494309889,0,0,1,0,0,0,1,0,0,1
1052066800349806592,1,1,1,1,1,1,0,0,0,0
1052066707618127873,1,0,1,0,1,1,0,1,1,1
1052066561060741120,0,1,0,0,1,0,1,0,1,1
1052065097395269633,1,1,0,0,0,0,0,0,0,0
1052065015027703808,0,1,1,0,0,0,1,1,1,1
1052064883750199297,0,0,1,1,0,1,1,1,1,0
1052064831862394881,1,0,1,1,1,0,0,1,1,1
1052064743471501312,1,1,1,0,1,1,1,0,1,0
1052063955416305664,1,1,1,0,0,0,0,0,0,1
1052063889297412096,1,0,1,1,1,0,1,1,1,1
1052063653984395265,1,0,1,1,1,0,1,1,0,0
1052063554185125889,0,0,0,0,1,0,1,0,1,0
1052062670650654720,1,0,0,0,1,0,1,0,1,1
1052061642526285830,1,0,1,1,0,0,1,0,0,1
1052061619826642944,0,1,0,1,0,1,1,1,1,0
1052061350523019265,0,1,0,1,0,0,0,1,0,0
1052061301466226688,1,0,1,0,1,1,1,0,1,1
1052061207811710976,0,1,1,1,0,1,0,1,1,0
1052060900373487616,0,1,0,0,0,1,0,0,0,0
1052060835818819584,0,1,1,0,0,0,0,0,0,0
1052060672828174336,0,0,1,0,0,1,1,0,1,1
1052060471371558912,1,0,0,1,1,0,0,1,1,0
1052060104130945024,1,0,1,1,1,1,0,0,1,1
1052060011751452673,0,1,0,0,1,1,1,1,0,1
1052059851071746048,0,1,0,1,1,1,0,1,1,1
1052059611983962112,0,1,1,0,0,1,1,1,0,0
1052059608511115264,0,0,0,0,0,1,1,1,1,1
1052059530941607942,0,1,1,0,0,0,1,1,1,1
1052058560555876352,0,1,0,1,0,1,0,1,1,0
1052058383933566976,0,0,1,0,0,1,1,1,1,1
1052058041200373761,0,1,1,0,1,0,0,0,1,1
1052057800514256896,0,0,1,1,0,1,0,1,0,0
1052057395986337792,0,1,1,1,0,0,0,0,0,1
1052057327652794368,0,0,0,0,0,1,1,1,0,1
1052057280357654528,0,0,1,1,1,0,0,0,0,0
1052056634254602241,1,1,0,1,0,0,0,0,1,0
1052056379819585537,0,0,0,0,1,1,0,0,1,0
1052056186768375808,0,0,1,1,1,0,0,1,1,0
1052055904483446785,0,0,0,1,0,1,1,0,1,0
1052055642054115328,0,1,0,0,0,0,1,1,0,0
1052055456313556994,1,0,1,1,1,1,1,1,0,0
1052055382116380672,1,0,1,0,1,0,1,0,0,0
1052055370393210880,0,1,0,1,1,0,0,1,0,1
1052055134182596608,1,0,0,1,0,1,1,0,1,0
1052055061927550976,1,0,1,0,0,0,1,0,1,0
1052055061675814914,1,0,0,1,0,1,0,0,1,1
1052054381015719936,0,0,1,1,0,1,1,1,1,0
1052054293040099328,0,0,0,1,1,1,1,0,0,0
1052053931872870400,1,0,0,1,0,1,1,0,1,1
1052053574727872512,0,0,0,1,1,1,1,1,0,0
1052052989605806080,0,1,0,0,1,0,1,0,0,0
1052052531969441793,0,1,0,1,1,1,1,0,1,0
1052052397923725312,1,0,0,0,1,0,0,0,1,1
1052052279270883328,0,0,1,1,1,0,1,1,1,1
1052051101619445760,1,0,0,0,1,0,0,1,1,1
1052050807854718976,1,1,1,1,1,0,0,1,1,1
1052050694327361536,0,0,0,1,1,1,1,1,0,0
1052050408523423750,0,0,1,0,0,1,0,1,1,1
1052050268899041280,0,1,0,0,0,1,0,1,0,1
1052050164981137409,0,0,1,0,0,0,0,1,0,1
1052049693717327872,0,1,0,1,1,0,0,1,1,1
1052049643658506241,1,0,0,1,0,1,0,1,1,1
1052049075670011905,1,1,1,0,0,1,0,0,1,1
1052048780672061445,0,0,0,0,1,0,1,0,1,1
1052048734115299329,0,0,0,0,1,1,0,1,0,1
1052048548508749824,1,0,0,0,1,1,1,0,1,0
1052048509870862338,1,1,1,0,1,1,1,0,1,1
1052048417621389312,0,0,0,1,1,1,1,0,0,0
1052048359924543488,1,0,1,1,0,1,0,1,1,1
1052048288105418752,0,1,0,0,0,0,0,1,0,1
1052048246154059776,0,1,1,0,1,1,1,0,1,0
1052047966029135872,1,1,1,0,0,1,1,1,0,0
1052047744800415745,1,1,0,1,1,0,0,0,0,1
1052047573337427969,0,1,0,1,1,1,1,0,1,0
1052046976265510912,0,1,0,1,1,0,0,0,0,0
1052046885022625792,1,0,0,1,0,0,1,0,0,1
1052046744253394944,0,1,0,0,0,1,1,0,0,0
1052046628100526083,1,1,1,1,0,0,0,1,0,0
1052046478749749248,1,1,0,1,1,1,0,0,0,1
1052046475625201665,0,0,0,1,1,1,0,0,0,1
1052046474979078144,1,0,0,1,0,1,1,0,0,0
1052046422827130881,1,1,0,0,0,0,0,0,1,0
1052046373074268160,1,1,0,0,0,1,1,1,0,1
1052046322822307840,0,0,1,1,0,0,0,0,0,1
1052045918252351488,0,0,0,0,0,1,0,1,0,1
1052044739346718721,1,1,0,0,1,1,0,0,0,1
1052044738226876417,1,0,1,0,0,1,0,0,1,0
1052044691040923649,0,1,1,1,0,0,0,1,1,1
1052044642361864192,1,0,1,1,1,0,1,1,1,1
1052043877258006529,0,1,0,0,0,1,0,0,1,0
1052043516711501824,1,1,1,0,0,0,0,0,1,0
1052042714525589505,0,1,0,1,1,1,1,1,1,0
1052042690664099841,1,0,1,1,1,0,0,0,0,0
1052042521860300800,0,1,1,1,1,0,1,1,1,1
1052041692046602241,1,1,0,0,0,1,0,0,1,1
1052041222620151808,0,1,1,1,1,1,1,1,0,1
1052038266399203329,0,1,0,0,1,0,1,1,0,1
1052037734943154181,1,0,0,0,0,0,0,0,0,1
1052036607585468416,0,0,1,1,0,1,1,1,1,1
1052036246585966592,0,0,0,0,1,1,1,0,0,1
1052035637648519168,1,1,1,1,1,0,0,0,1,0
1052035011938017286,1,1,1,1,1,1,1,0,0,0
1052034388966412289,0,0,0,0,0,0,0,1,0,1
1052033985675575296,0,1,1,0,1,0,0,0,0,1
1052033127323975681,0,1,1,1,1,1,0,1,1,1
1052033051935629313,1,1,1,1,0,1,0,0,1,0
1052033027822497797,0,1,0,0,0,0,1,1,1,0
1052033027591852032,0,1,1,0,0,0,1,1,0,0
1052031855271145472,0,1,1,0,1,1,1,1,0,0
1052031203228958722,0,1,1,0,0,1,1,0,1,1
1052030958503960577,1,1,1,1,1,0,0,0,1,1
1052030868330598400,0,0,0,0,1,0,0,1,1,1
1052030117222920193,1,1,1,0,0,1,1,0,0,1
1052029760547614720,0,0,0,1,0,1,1,0,0,1
1052029169239056384,0,1,0,0,1,0,0,1,0,0
1052028975642537984,0,0,0,1,0,1,0,1,0,1
1052028699787190272,1,1,1,0,1,0,1,0,0,1
1052028480232263680,0,0,1,0,0,0,0,0,1,1
1052027889997291520,0,0,1,0,0,1,0,1,0,1
1052027661281779712,1,1,0,0,0,0,1,1,1,0
1052027653220257792,1,1,0,0,0,1,1,1,0,0
1052026988607631360,1,1,1,0,1,0,1,1,1,0
1052026261130772482,1,0,1,1,1,0,1,1,0,0
1052025451164643328,1,1,1,0,1,0,1,0,0,1
1052025104199168000,0,1,1,0,1,1,1,0,0,0
1052025088890023936,1,0,1,0,1,1,0,0,0,0
1052024706956554241,0,1,1,0,1,0,1,1,0,0
1052024665172897792,1,0,1,0,0,1,0,0,0,0
1052024298213449731,1,0,1,1,1,0,1,0,0,1
1052023705268887553,1,1,1,0,1,0,0,1,1,1
1052023458140368896,0,0,0,1,1,1,0,0,1,0
1052023091314843648,0,0,1,1,0,1,0,1,0,0
1052021308962299904,0,0,0,1,1,0,0,1,1,0
1052021261377900544,0,0,1,1,1,0,0,0,0,0
1052020779934728194,0,0,1,1,0,0,1,1,0,0
1052018561571545088,1,0,1,1,0,0,1,1,1,1
1052017625205628928,1,0,0,1,0,0,0,1,0,0
1052017329763020800,0,0,0,0,0,1,1,0,0,1
1052016791462039552,1,0,0,1,1,1,0,0,1,0
1052016653125472257,1,1,1,0,0,0,1,0,1,0
1052014659644010496,1,1,0,0,1,0,0,0,1,0
1052012439305220096,0,1,0,1,0,1,1,0,1,0
1052011819601145856,1,0,0,0,1,0,0,0,1,0
1052011643226472448,0,1,0,0,0,0,1,1,1,0
1052011453199392769,0,0,0,1,1,0,0,0,1,0
1052011310920163328,1,0,1,0,0,1,1,1,1,0
1052010656394764289,1,0,1,1,0,1,0,0,1,0
1052010496159830018,0,0,0,0,0,0,1,0,0,0
1052009536343695361,1,1,0,1,0,0,0,1,1,0
1052008725878210560,1,1,1,0,0,0,1,0,1,0
1052007784202493952,1,1,1,0,0,0,0,1,0,0
1052005946929557504,1,0,0,1,0,0,1,1,1,1
1052005603978174467,1,1,0,0,0,1,0,0,1,0
1052004467816587264,1,0,1,0,1,0,0,1,1,0
1052003005560745984,0,0,1,1,0,0,1,0,1,0
1052002457843249152,1,1,1,0,0,1,0,1,1,0
1051999464834052098,0,1,1,1,0,1,1,1,0,0
1051999136394960896,1,0,0,1,1,0,1,1,0,1
1051996511825989633,1,0,0,0,1,0,0,0,0,1
1051995737406357504,1,0,0,0,1,0,1,1,0,0
1051994734762151936,1,0,1,1,1,1,0,1,0,0
1051994262651449344,1,1,0,0,1,0,0,1,1,0
1051994109139914752,1,0,1,1,0,0,0,0,0,1
1051993695136944129,1,0,0,0,1,0,1,0,0,1
1051988966294085632,1,1,0,1,0,1,1,1,0,0
1051987872025366528,1,0,0,1,1,1,1,1,0,1
1051975455027412992,1,0,0,1,1,0,1,1,0,1
1051972348960808961,0,1,1,0,0,1,1,1,1,1
1051972121071640577,1,1,1,1,1,1,0,1,0,0
1051972012682432512,0,0,1,0,0,1,0,0,0,1
1051970906300530690,1,0,0,0,0,0,1,1,1,1
1051970902181781504,0,0,1,0,1,0,1,1,0,1
1051969497442263040,1,0,0,1,1,0,1,1,1,1
1051959596548481025,1,0,1,1,1,1,0,0,1,1
1051954442130485248,1,0,0,0,1,1,0,1,1,1
1051950227488366592,1,0,0,1,0,0,0,1,1,1
1051948743266918403,0,1,0,1,1,1,0,0,1,0
1051941418233524224,1,1,1,1,0,1,1,0,0,0
1051938044385800192,0,1,1,1,1,1,0,1,0,0
1051933519788892160,0,0,0,1,1,0,1,0,1,0
1051933516051623936,1,0,1,0,0,1,0,0,1,0
1051932199166070784,0,1,0,0,1,1,1,0,1,1
1051931290738380800,0,1,1,0,0,0,0,0,1,1
1051929814196776962,0,1,1,1,1,1,0,0,1,0
1051929769808343041,0,1,1,1,1,0,1,0,0,0
1051925559322783744,1,0,1,0,0,0,1,0,1,1
1051925268691124225,1,0,0,1,1,0,1,1,0,1
1051924647233708039,0,1,1,1,1,0,1,1,1,1
1051923836948627457,0,1,0,1,1,0,0,1,1,0
1051922466577113088,0,1,0,0,1,1,0,1,1,0
1051922418858643458,0,0,1,0,1,1,0,1,0,1
1051921841592315904,1,0,1,0,0,0,1,0,1,0
1051920738943361024,1,1,0,0,0,1,0,0,0,0
1051920574346391553,0,1,1,0,1,1,0,0,0,0
1051919848450666496,1,0,0,1,1,1,1,1,0,1
1051919728124530688,1,1,1,0,0,1,1,1,0,0
1051918658719678464,0,0,0,0,1,0,1,1,0,0
1051918449184784384,0,0,0,1,0,1,0,0,0,0
1051918317554823168,1,1,1,1,0,0,0,0,0,0
1051918210214301696,0,1,1,1,0,0,0,0,0,1
1051918131273191425,1,1,1,1,1,1,1,1,0,1
1051916627350978560,0,1,0,0,1,1,0,1,1,0
1051916175590928384,1,0,1,0,0,0,0,0,0,0
1051916118447804416,0,0,1,0,1,0,1,0,1,1
1051915838226358272,1,1,0,0,1,0,0,0,1,1
1051914398313472000,0,1,1,1,0,1,1,0,1,1
1051913414254239745,1,1,0,0,0,1,1,0,0,0
1051913228530241536,1,1,0,0,0,0,0,0,0,1
1051912367540490240,0,0,0,1,1,1,0,1,1,1
1051912169791651840,1,0,1,0,0,0,0,1,1,0
1051912117413007360,0,0,1,1,0,1,0,1,1,1
1051912090191970304,1,0,1,0,0,1,0,1,1,0
1051911729247006720,0,1,0,1,1,1,1,1,1,1
1051911674515611654,1,1,1,1,0,0,1,1,0,0
1051911290472554497,1,1,1,0,0,1,1,0,0,0
1051910333076508672,1,0,0,1,1,0,1,0,1,0
1051909806078844933,1,0,0,0,0,0,1,1,1,1
1051908481047879683,0,1,0,1,0,0,1,0,1,1
1051907970064355329,0,0,1,1,0,1,1,1,0,0
1051907821120434181,1,1,0,0,0,1,0,1,1,1
1051907213998977024,1,1,1,1,0,0,0,1,1,1
1051906936621424641,1,1,1,0,0,1,0,1,1,0
1051906639060770817,1,0,0,0,0,1,1,0,0,0
1051906389512282112,1,0,1,0,0,1,0,1,1,0
1051905620729683971,1,0,0,1,1,1,1,1,0,1
1051904663988125696,1,0,0,0,1,1,1,1,0,1
1051903852394569728,0,0,1,1,0,0,0,1,1,1
1051903671657791488,1,1,0,1,1,0,0,1,1,1
1051903382439567366,0,0,0,1,1,0,0,0,0,0
1051903338973814784,0,1,1,0,1,1,1,1,0,1
1051903211819261952,0,1,0,1,0,1,0,0,1,0
1051903129980207110,1,1,1,0,1,0,1,0,1,1
1051903031808286722,0,0,0,1,1,0,1,0,0,1
1051902825804881920,1,0,0,0,1,1,0,1,1,0
1051902664127275008,0,0,0,0,1,0,0,1,0,1
1051902616534364160,0,0,1,1,0,0,1,0,0,0
1051902484141096960,0,1,1,0,1,0,1,0,0,0
1051901446487199745,1,1,1,1,1,1,1,0,0,1
1051901388953972738,1,1,0,0,1,1,1,1,0,1
1051901043234070530,1,0,1,1,0,1,0,1,0,0
1051901003417542656,0,0,1,1,1,1,0,0,0,1
1051900756989599744,0,1,1,1,1,0,0,1,0,1
1051900621387952135,0,1,1,1,1,0,0,1,0,0
1051900513430560768,1,0,0,1,1,0,0,1,0,0
1051899840345624577,0,0,1,0,0,1,0,0,1,1
1051898453079613441,1,1,1,1,1,1,0,1,0,0
1051898391297499138,1,1,1,1,0,1,1,0,1,0
1051898256920317952,0,0,0,1,1,1,1,0,1,1
1051897443330056192,1,1,1,0,0,1,1,1,1,1
1051896859722014722,0,1,0,0,1,1,1,1,0,1
1051895837285076992,0,0,0,1,0,1,0,0,1,0
1051895633370595330,1,0,1,0,0,1,0,1,0,1
1051895386544197636,0,0,1,1,1,0,1,1,1,1
1051894764050808842,0,1,1,0,0,1,1,1,1,0
1051893731887120384,0,1,0,0,0,1,0,1,1,0
1051893431910498305,0,1,1,0,0,0,0,1,0,0
1051893387174060032,0,0,0,0,0,1,1,1,1,1
1051893373232017408,0,0,1,0,1,0,1,1,0,1
1051893273101504512,1,0,1,1,0,1,1,0,0,1
1051892590105292800,0,1,1,0,0,0,0,0,0,0
1051892548069863424,0,1,1,1,0,0,1,0,1,0
1051892328024207361,1,1,0,0,1,1,1,0,0,0
1051892121546952704,0,1,1,1,1,0,0,1,1,0
1051891791329255429,0,0,0,0,1,0,1,1,1,0
1051891749134757888,0,0,1,1,0,1,1,1,1,0
1051891587360280576,1,1,1,0,0,0,0,0,0,0
1051890484484829184,0,1,1,1,1,1,1,1,1,0
1051890481250983939,0,1,0,0,1,1,1,0,0,1
1051890326116417537,1,0,1,1,0,1,0,0,1,1
1051890207329570816,1,1,1,0,0,1,0,0,1,1
1051889499020484609,1,0,0,0,0,1,0,1,1,0
1051889485628227584,0,0,0,1,1,1,1,0,1,0
1051889298146902016,0,0,1,1,1,1,1,0,1,1
1051889052801069056,0,0,0,1,0,1,1,0,1,1
1051888968235544576,0,1,0,1,1,0,1,1,1,0
1051888932990930944,0,0,1,0,0,1,1,1,0,0
1051888160093818880,0,0,0,0,0,1,1,1,1,1
1051887851468705793,1,1,0,1,0,0,1,0,1,0
1051887542415454208,0,1,0,0,0,1,0,0,1,1
1051886161378054144,1,0,0,0,1,1,0,0,0,0
1051885927910404096,0,0,1,1,0,1,0,0,1,1
1051885343241203714,1,1,0,1,1,0,1,1,1,1
1051885050793357313,0,1,1,1,1,0,1,1,1,1
1051883065784467456,0,1,1,0,0,0,1,0,1,1
1051882595120832513,0,1,1,1,1,1,0,1,1,1
1051882389075648512,1,1,0,0,0,1,0,0,1,0
1051882108396826637,0,0,1,1,1,0,0,1,1,0
1051881881665323008,1,1,1,1,1,0,1,0,1,1
1051881737024868352,0,1,0,1,1,1,0,1,0,0
1051881552773349376,0,1,1,0,0,1,0,0,1,1
1051881347038334976,0,1,1,0,1,1,1,1,0,1
1051880777967792129,1,0,1,1,0,1,0,1,1,1
1051880570005778432,1,0,0,1,0,0,1,1,0,0
1051880382168096768,0,1,0,0,1,1,1,1,0,1
1051880256511111168,0,1,1,1,1,0,1,1,1,1
1051880066148253696,0,1,1,1,1,1,0,1,0,0
1051880012977188864,1,1,0,0,0,1,0,1,0,0
1051879778674970624,0,1,1,1,0,1,1,0,1,1
1051879216713687041,0,1,0,0,1,1,1,1,0,1
1051879072958042112,0,0,1,1,0,0,0,1,1,0
1051878956805189634,0,1,0,1,1,1,1,0,0,0
1051878562075033601,1,1,0,0,1,1,0,1,1,0
1051878386606305280,0,1,1,0,1,0,0,1,1,0
1051878333351415808,0,0,1,0,0,0,1,0,0,0
1051878295497666560,0,0,1,1,0,1,1,0,0,0
1051877560668315649,0,1,0,1,0,1,1,0,0,1
1051876864858439680,0,0,1,0,0,0,0,1,0,0
1051876605985996800,0,1,0,0,1,1,0,1,0,1
1051876527795662849,1,1,1,1,1,1,1,0,0,0
1051876434992496640,0,0,1,0,1,0,1,1,0,1
1051875829993467905,0,0,1,1,1,0,0,1,1,0
1051875778579689473,1,1,1,0,0,0,0,1,0,1
1051875725358354432,1,0,1,1,1,0,0,1,1,1
1051875547687469057,1,1,0,1,1,1,1,1,1,1
1051875510169600003,0,1,0,1,1,1,1,0,0,1
1051875222637486080,0,1,1,0,1,1,1,0,0,0
1051875000817348609,0,1,1,0,1,1,0,0,1,0
1051874757883383809,0,1,1,1,0,1,1,0,0,1
1051874753823178752,1,1,0,1,0,1,0,0,1,1
1051874550156328961,0,0,1,0,0,0,1,0,1,0
1051874310518763520,1,0,0,0,1,0,0,1,1,0
1051874176653553665,1,1,0,1,0,1,1,0,0,1
1051874010764595200,1,0,1,1,0,0,1,1,1,1
1051873434878111744,0,0,1,1,0,1,1,0,1,1
1051872848724152322,0,0,0,0,1,1,1,1,1,1
1051872831309574145,1,1,0,1,1,0,0,0,1,0
1051872617475403779,1,1,0,1,1,0,0,1,1,0
1051872612878565377,1,1,1,0,0,1,1,1,0,0
1051872166520737792,1,0,0,0,1,0,1,1,0,1
1051872007233523712,0,0,1,1,1,0,1,0,0,0
1051871831190331392,0,0,1,0,0,0,0,0,0,0
1051871607281479683,1,0,0,1,1,1,1,1,1,1
1051871573311918087,1,0,1,0,1,1,0,0,1,1
1051871353555509249,1,1,0,1,1,0,1,1,0,1
1051870793414537221,1,0,0,0,0,0,1,1,1,1
1051870696068923392,1,1,1,1,0,0,0,0,0,1
1051870676708028417,0,0,1,1,1,1,0,1,0,0
1051870659385667595,1,1,0,0,0,1,1,0,1,0
1051870307382784001,1,1,0,1,1,1,1,1,1,0
1051870212046245889,0,0,1,1,0,1,1,0,1,0
1051870100557520896,1,1,0,0,0,1,1,0,1,1
1051869796105515009,0,0,1,1,0,0,1,1,0,0
1051869404961562624,0,0,0,1,1,0,0,0,0,1
1051869368462659584,1,1,0,1,1,0,0,1,1,0
1051869242948112384,1,1,0,0,0,1,0,0,1,1
1051869055714451456,0,0,0,0,1,1,0,0,0,0
1051868974206648320,0,0,0,0,1,1,0,0,0,1
1051868470151790592,0,0,0,1,0,1,0,1,0,1
1051868259228602368,0,1,0,0,1,1,1,0,1,0
1051868104895139842,0,1,0,0,1,0,0,0,1,1
1051868035512971264,0,1,0,0,1,0,1,1,0,1
1051867813076299776,0,1,1,0,0,1,1,1,0,0
1051867807720206336,1,1,0,1,1,0,0,1,0,1
1051867801047060480,1,0,1,0,0,0,0,1,1,0
1051867740754141184,0,0,1,1,1,1,0,1,0,0
1051867591180869633,1,1,0,0,0,0,0,0,0,1
1051867504773984256,1,0,0,0,1,1,0,1,0,1
1051867375908270080,0,1,1,0,1,0,1,1,0,1
1051866887280316417,0,0,0,1,0,0,0,0,1,0
1051866539824177152,1,1,0,1,1,1,0,1,0,1
1051866466885210113,1,1,0,1,0,0,1,0,1,0
1051866371603148800,1,1,1,0,0,1,1,0,1,1
1051866330218065920,0,0,1,0,1,1,0,1,0,1
1051865811357507584,0,0,0,0,1,1,0,1,1,1
1051865767027695623,1,0,1,0,1,0,1,1,1,1
1051865653974630401,0,0,0,0,0,1,1,1,0,0
1051865624497012736,1,0,1,1,0,0,1,0,0,1
1051865229829771264,0,1,0,0,1,1,0,1,0,1
1051865184124301313,1,0,1,1,0,1,0,0,1,0
1051865009960177664,0,1,1,0,1,1,0,0,1,0
1051864966318383105,1,1,0,0,0,0,0,0,1,0
1051864828548194304,1,0,1,1,1,1,1,0,1,0
1051864517540552710,1,1,0,0,1,1,0,0,1,1
1051864512167473152,1,1,1,1,0,0,0,1,1,0
1051864340738048000,1,1,1,1,1,1,0,0,0,1
1051863406272077824,0,1,0,0,0,1,0,1,0,1
1051862646797062145,1,1,1,0,0,0,1,0,0,1
1051862548952358912,0,1,0,1,1,0,1,1,1,0
1051862312435548160,1,0,0,1,0,1,1,0,0,0
1051862118658654208,0,0,1,1,1,0,0,1,0,0
1051862005966151681,1,1,1,1,0,1,0,0,0,1
1051861575173193728,0,0,1,1,1,1,0,0,1,0
1051861458093395968,0,1,1,1,1,1,1,0,1,0
1051861393492725762,0,0,1,0,0,1,1,0,0,1
1051860804851650560,1,0,1,0,0,1,1,1,0,1
1051860794277814272,0,0,1,1,1,1,1,0,0,1
1051860392618557440,1,1,0,1,1,0,1,1,0,1
1051859859241615360,1,1,1,0,0,1,0,0,1,1
1051859837729075200,0,1,1,1,0,1,1,1,0,1
1051859432710127620,1,0,0,0,0,1,0,0,0,1
1051859296298790912,0,0,1,0,1,0,1,0,0,0
1051859282881175552,0,1,0,1,0,1,1,1,1,0
1051858361774432258,0,0,0,1,1,0,1,0,1,0
1051858194602086403,1,1,0,1,1,1,1,1,1,0
1051858037391192065,0,0,1,1,1,0,0,1,1,1
1051857892347924480,0,1,0,1,0,1,0,1,0,1
1051857727557779456,1,0,1,1,0,0,0,1,0,1
1051856644533964800,0,0,1,1,1,1,1,1,1,0
1051856486891053094,1,1,0,1,1,0,1,0,0,1
1051855870865203200,1,1,0,0,0,0,0,1,0,1
1051855702916907008,1,0,0,0,0,0,0,1,0,0
1051855382463700992,1,0,0,0,0,0,0,0,1,0
1051855321482887168,1,0,0,1,1,1,1,0,1,1
1051854953218789376,1,0,1,1,0,1,0,1,1,0
1051854757751611392,0,1,1,0,0,0,0,0,0,1
1051853627252338688,1,1,1,0,0,0,1,0,1,0
1051853086505938945,1,1,1,1,0,0,1,0,1,1
1051852938593935360,0,1,1,1,1,0,0,0,1,1
1051852913482575872,0,0,0,1,1,1,0,0,1,1
1051852896885719040,1,0,0,0,1,1,1,1,0,1
1051852620292399104,1,0,1,0,0,1,1,0,1,0
1051851723868794880,0,1,0,1,0,1,0,1,1,0
1051850453921738752,0,1,1,0,1,1,1,0,1,1
1051850183506583552,0,1,1,1,1,0,1,1,1,1
1051850171330560000,0,1,1,1,0,0,1,1,1,1
1051849989088051201,1,1,0,0,1,0,1,0,1,1
1051849968804352006,0,0,0,0,1,1,0,1,0,1
1051849835526074378,1,0,0,0,0,1,1,0,1,1
1051848738015084549,0,0,1,0,0,1,0,1,0,0
1051848533249265664,0,0,1,1,0,0,1,1,1,0
1051848270744444928,1,0,0,0,1,0,1,1,0,0
1051847605418975232,1,1,0,1,0,1,1,1,1,1
1051847368356913152,0,0,1,1,1,1,0,0,0,0
1051847356897873920,1,1,1,1,1,0,0,1,1,1
1051847292347604992,1,1,0,1,1,0,1,0,1,1
1051846926654562309,1,0,1,1,0,1,1,0,1,1
1051846698023174145,1,0,1,0,1,1,1,1,0,1
1051846647695777793,0,0,1,0,1,0,1,1,0,0
1051846384603684864,0,0,0,1,1,1,1,1,0,0
1051844681397661696,1,1,1,1,1,0,0,0,1,1
1051843737163390977,1,1,1,1,0,1,0,0,0,0
1051843440642859008,0,0,0,1,1,1,1,0,1,1
1051843397361774592,1,1,0,1,1,0,0,0,1,1
1051842911988518918,0,0,0,0,0,0,1,0,1,0
1051842632039784449,1,0,1,0,1,0,1,0,1,1
1051842410462859264,0,1,0,1,1,1,0,0,1,1
1051842225871704064,1,1,1,0,1,1,1,1,0,1
1051841311467298816,0,0,1,1,1,1,0,0,1,1
1051841090326687744,0,1,1,1,0,1,1,1,1,0
1051841083901001728,1,1,0,1,1,0,0,0,1,1
1051840696980627456,0,1,1,1,0,0,1,0,0,0
1051840325025783809,1,1,1,0,1,1,1,1,0,0
1051839854089097216,0,0,1,1,0,1,0,1,1,0
1051839776012361728,1,0,1,0,0,0,0,1,1,1
1051838843001790464,0,1,0,0,1,1,0,1,1,1
1051838077784780800,1,0,0,0,0,0,0,1,1,0
1051837995828043778,1,1,1,0,1,1,1,1,1,0
1051837333673107458,1,0,0,0,0,1,0,0,1,0
1051836792427540485,1,0,0,1,0,1,0,1,0,0
1051836355200868352,0,0,1,1,0,1,0,1,1,1
1051835714839531520,0,1,1,0,0,1,1,0,0,1
1051835335703818241,1,0,0,1,0,1,0,1,0,0
1051835234541391877,0,0,0,1,0,1,1,0,0,0
1051835115100205056,0,0,0,1,1,0,0,0,1,0
1051834740326711296,1,0,1,0,0,1,0,1,0,1
1051834102658228224,0,0,1,0,0,1,1,0,0,1
1051833711774203904,0,1,0,0,0,0,0,1,0,1
1051833707730849792,0,0,1,1,1,1,1,0,0,0
1051833596703531008,0,1,0,1,1,0,1,1,1,0
1051833500876165120,1,1,1,0,1,0,0,1,0,1
1051833461898661888,0,0,0,0,0,0,1,0,1,0
1051833187301609472,0,1,0,1,0,0,1,0,1,1
1051832886238818304,1,0,0,1,0,1,1,1,0,1
1051832858615144449,1,0,0,1,1,1,1,0,0,1
1051832776792727552,0,1,0,1,1,1,0,0,0,0
1051832647691849728,1,1,0,0,0,0,1,0,0,1
1051832323367264256,1,0,1,1,0,0,1,1,1,0
1051831866007797760,1,0,1,1,1,1,1,1,1,0
1051831783644426240,0,1,1,1,1,0,1,0,1,0
1051831105358352384,1,0,1,1,0,0,0,0,1,0
1051831079966044160,1,1,1,1,1,0,0,0,0,0
1051830637290823680,0,1,1,1,0,1,1,1,0,1
1051830346289885185,1,1,0,1,0,1,1,0,1,0
1051830341630140423,1,0,0,1,1,1,0,0,0,0
1051830256032600064,0,0,0,0,1,1,0,1,0,1
1051830012570202113,0,0,1,1,0,0,1,0,1,0
1051829903216259073,1,1,0,1,0,1,0,0,1,0
1051829845913690112,1,1,0,0,0,0,0,1,1,1
1051829239312515072,1,0,0,1,0,1,0,0,1,1
1051829186267090949,1,1,1,1,1,1,0,1,0,0
1051828877805453312,1,0,1,0,1,1,0,0,1,1
1051828870423371776,0,1,1,1,1,1,0,0,0,0
1051828830757892096,0,1,0,0,1,0,0,1,0,0
1051828814148452353,0,0,1,1,0,0,0,0,0,0
1051828806825205760,1,0,1,1,0,1,1,1,0,1
1051828414204796929,1,1,0,1,0,0,1,1,0,1
1051828330406797314,0,0,1,0,1,0,1,1,1,0
1051828032321785856,1,1,0,0,1,0,1,1,0,1
1051827733699805184,0,1,1,0,1,0,1,0,0,0
1051827722056593408,0,1,0,0,0,1,1,0,1,0
1051827537297530880,1,1,0,0,0,1,1,0,1,0
1051827228567330816,0,0,0,0,0,0,0,1,0,1
1051827193444265985,0,0,0,1,0,1,0,1,1,1
1051827039861395456,0,1,1,1,0,0,0,0,0,1
1051826661182836738,1,1,0,0,0,1,1,0,0,0
1051826567360499713,1,1,0,0,1,0,1,0,1,1
1051826530488344583,0,1,1,0,1,0,1,0,1,1
1051826274241404928,1,0,0,0,0,1,0,1,1,0
1051825136763047936,0,1,0,0,1,0,0,1,1,1
1051824928960466949,0,1,0,0,1,0,0,0,0,1
1051824845472845824,0,1,0,0,1,1,1,1,1,0
1051824280093122560,0,1,1,0,1,0,1,1,0,1
1051824180323332096,1,1,1,0,0,0,0,1,0,0
1051823405580935168,1,0,1,0,1,0,0,0,1,0
1051823310202273792,0,1,0,1,1,1,0,0,0,1
1051823112638144513,0,0,0,1,0,1,0,0,0,0
1051823104421502976,0,0,0,0,1,1,1,0,1,0
1051822942961717248,1,0,0,0,0,0,0,1,1,0
1051822499141443589,0,1,1,0,0,1,1,0,1,0
1051822403658104832,0,1,1,0,1,1,1,0,1,1
1051822336574251008,0,0,1,0,1,1,1,1,1,1
1051821850697891841,0,1,0,0,1,1,1,1,0,0
1051821649895387136,1,1,0,1,1,0,1,1,0,0
1051821512074899456,1,1,1,0,1,1,1,0,1,1
1051820500995862528,0,1,1,0,0,1,1,1,0,1
1051819994537963524,1,1,0,0,0,1,1,0,1,0
1051819718326153217,1,0,1,0,1,1,0,0,1,1
1051818815837880322,1,1,1,0,0,0,0,1,0,0
1051818730622214144,0,1,0,1,1,0,0,0,1,0
1051818579245522944,0,0,0,1,1,0,0,1,1,1
1051818572270383104,1,0,0,0,0,1,0,1,0,0
1051818063723724800,1,0,0,0,1,1,1,1,1,0
1051817785834201088,1,1,0,0,0,0,0,0,0,1
1051817745916952577,1,0,0,1,1,0,1,0,1,1
1051817707073495040,0,0,1,0,0,0,0,1,0,0
1051817690996719616,1,0,0,0,0,1,0,1,0,1
1051817649368252416,1,0,0,1,0,0,0,1,0,1
1051817478387630083,1,1,0,0,0,1,0,1,0,1
1051817317699440640,0,1,1,1,0,0,1,0,0,1
1051817023888490497,1,1,0,0,1,1,1,1,0,0
1051815449552244736,0,0,1,1,1,0,1,0,0,1
1051815115173949440,0,0,0,1,0,1,1,0,0,1
1051814949557821441,1,1,1,1,1,0,1,0,1,0
1051814571244056576,1,1,0,1,1,1,1,0,1,0
1051814110717829121,1,1,1,1,1,0,1,0,1,1
1051813115128471552,1,1,0,0,0,1,1,0,1,0
1051812990633168896,1,1,0,1,1,1,0,1,1,1
1051812848169562112,1,0,0,0,0,1,1,1,1,1
1051812815948865536,0,1,1,0,0,1,0,0,0,1
1051812760835649537,1,0,0,1,0,0,1,1,1,1
1051812725465079808,0,0,0,1,0,0,0,0,0,1
1051812681391325184,0,0,0,0,0,1,1,0,0,0
1051812509265485824,0,0,1,0,0,1,1,0,1,1
1051812390612942848,1,0,1,0,1,1,1,1,1,0
1051812278910296064,0,1,0,1,0,1,1,0,0,0
1051812259893104641,1,0,0,0,0,1,1,0,0,0
1051812242684108806,0,0,1,1,1,0,1,0,0,0
1051812177290584064,1,1,0,0,1,0,1,0,0,0
1051811869390966784,0,0,0,1,0,1,1,1,1,1
1051811838034366464,0,1,1,0,1,0,0,0,0,0
1051811286252699648,0,0,1,1,0,1,1,1,1,0
1051811201762684928,0,0,0,1,0,1,0,1,1,0
1051811085211250688,0,1,0,0,1,1,1,1,0,0
1051811003652919296,0,0,0,1,1,1,1,1,0,0
1051810771737415680,1,0,1,1,1,1,0,1,1,0
1051810687159336960,1,0,0,0,0,1,1,1,0,1
1051810647275687938,0,0,0,1,0,1,0,0,0,0
1051810564664524800,0,1,1,1,0,1,1,0,1,0
1051809810797056000,0,0,1,1,1,1,1,1,0,1
1051809795328499712,0,0,1,1,1,0,1,1,1,0
1051809237658087425,1,0,0,0,1,0,1,0,0,0
1051808681405210624,0,0,1,0,1,0,1,0,0,1
1051808175278546944,1,0,0,0,1,0,1,0,1,1
1051808043606802432,1,0,1,1,1,0,1,1,0,1
1051807686218649601,1,1,1,1,1,0,1,1,0,1
1051806973572894721,0,1,0,0,1,1,1,0,0,0
1051806589173153792,1,1,0,1,1,0,0,1,1,1
1051806470004776960,1,0,1,0,1,0,1,0,0,1
1051806345618427905,1,1,0,0,1,0,0,0,1,0
1074454127961206784,0,1,1,1,1,1,0,1,1,1
1074257836152999937,0,1,0,1,0,0,1,0,0,1
1074076642429984768,0,1,1,1,0,1,1,0,1,0
1073865252985425923,1,0,0,1,1,0,0,1,1,0
1073427365512962049,0,1,1,0,0,0,0,1,1,0
1073004576293310464,0,0,0,0,1,0,0,1,1,0
1072717686520434689,1,0,1,1,0,1,0,1,0,1
1072672390864388096,0,1,1,0,1,1,1,0,0,0
1072552881138610178,0,1,0,1,1,0,1,1,1,1
1072551592455479296,1,1,1,0,1,0,1,1,0,0
1071600326917021697,0,0,1,0,0,1,1,0,0,1
1071464430515310593,0,1,1,0,1,0,0,1,0,0
1071404032177057792,0,1,1,0,0,0,0,1,1,1
1052260887870943232,0,1,1,1,0,1,1,0,1,0
1052259473740435456,1,0,1,1,1,0,0,1,0,0
1052258693373485057,0,0,1,1,1,1,0,0,1,1
1052258080145199104,0,0,1,1,1,1,0,0,1,0
1052257280970780672,0,1,1,0,0,0,0,1,1,0
1052227057210540032,0,0,0,0,0,0,0,0,1,1
1052214163349487617,1,0,0,1,1,0,1,1,1,0
1052208854077968384,0,1,0,0,1,0,1,1,0,0
1052189998869557248,0,0,0,1,1,0,1,0,1,1
1052188691748151297,1,1,0,1,0,0,0,0,0,0
1052184392767078403,0,1,1,0,0,1,0,1,0,0
1052183674823868416,0,0,1,0,0,0,1,1,1,0
1052175013934182400,0,1,0,0,1,1,1,0,0,0
1052174118483910662,0,0,1,0,1,0,0,0,1,0
1052171831711604737,1,1,1,0,0,1,1,1,1,0
1052171305263468544,0,1,1,0,0,0,1,0,1,1
1052161506249302016,1,1,1,0,0,1,1,1,0,0
1052146247132438529,1,1,1,1,1,1,0,0,0,1
1052131994346377217,1,1,0,1,1,0,0,1,1,0
1052128420455432192,0,1,1,0,1,1,1,0,1,0
1052126921587347456,1,1,1,1,0,0,1,0,1,1
1052121319096102912,0,0,0,0,0,0,0,0,1,0
1052086399875338242,1,0,0,1,0,1,1,1,1,1
1052083030653718528,1,0,1,0,1,1,1,1,0,0
1052055494469308416,0,0,1,1,0,1,1,0,1,1
1052024603722231809,1,0,1,0,1,1,1,1,1,0
1052018383460474887,1,1,0,0,0,1,1,0,1,1
1051999606383566848,0,0,0,0,1,0,0,0,1,1
1051999356272951297,0,0,1,1,0,1,0,0,0,1
1051988681165336577,0,0,1,0,1,0,1,1,0,1
1051987513760538624,0,0,0,0,0,1,1,1,1,0
1051963448437796866,0,0,1,1,0,1,1,0,1,0
1051923942708076545,1,1,1,0,0,0,0,0,1,0
1051895332282470400,0,0,1,1,1,0,0,1,0,1
1051892091301834753,1,0,0,1,0,1,0,0,0,0
1051887472135872517,0,1,0,0,1,0,1,0,0,0
1051886168457891840,1,1,1,0,0,0,0,0,0,1
1051879414290673667,1,0,0,0,1,0,1,0,1,0
1051871087842258945,0,1,0,0,0,0,0,0,0,1
1051862278860083200,0,0,1,0,0,0,1,1,0,1
1051859776022478850,1,1,0,0,0,1,1,1,0,1
1051852589778825216,1,0,0,0,0,1,1,0,1,1
1051852143127392258,0,1,1,0,0,1,0,0,1,0
1051826829324165120,1,1,0,0,1,1,0,1,0,1
1051826256105431040,1,1,1,1,1,0,1,1,1,1
1051825487620829184,1,1,0,1,0,0,1,1,1,1
1051811848759255040,1,0,0,1,1,1,0,0,1,0
1051806523825897473,1,1,0,1,0,0,1,0,1,0
1051805157103669248,0,1,0,0,0,1,0,0,0,1
1051803460348338177,0,1,0,1,0,1,0,1,0,1
1051798981427236865,0,1,0,1,0,0,1,1,0,1
1051797921157525504,1,1,0,1,0,1,1,0,0,0
1051792956640907264,1,1,0,0,1,0,1,0,0,1
1051791715198230528,1,1,0,0,0,0,0,1,0,0
1051791647325863937,1,0,0,0,0,0,0,1,1,0
1051790790278537218,1,0,0,1,0,1,0,1,1,1
1051774710868926464,1,1,0,0,0,1,1,0,1,1
1051764970625613824,1,1,1,0,0,0,0,1,1,1
1051763826364960770,0,0,1,0,1,0,1,0,0,1
1051751063026618368,0,1,1,1,1,1,1,1,0,1
1051750108025491457,0,1,0,0,0,0,1,0,0,1
1051725884590190593,0,0,0,1,1,1,1,1,1,1
1051719345867378689,1,1,1,1,1,0,1,1,0,1
1051628922561945600,0,0,0,1,0,1,0,0,0,1
1051614788088942592,0,0,0,1,0,0,0,1,0,1
1051596318307700737,1,1,0,1,0,1,0,0,0,1
1051595578927403010,1,0,1,1,0,0,1,1,0,1
1051566115384627203,0,0,0,0,0,0,1,1,0,0
1051560002731814912,1,1,0,1,0,1,1,1,0,1
1051554534647058432,0,1,0,1,0,0,0,1,0,0
1051552236000763904,1,1,1,0,1,0,1,1,0,0
1051551030746513409,1,1,0,0,0,0,0,1,1,1
1051546918411821058,0,0,1,0,0,0,0,0,0,0
1051514328753557509,1,1,1,1,1,0,1,0,1,1
1051511975409139712,0,0,1,1,0,1,0,0,0,0
1051505147791196162,1,0,1,1,1,1,1,1,0,0
1051504120459395073,0,0,1,1,1,1,0,0,1,1
1051500279504474114,1,1,0,1,1,1,0,0,1,1
1051490316778385409,1,1,0,1,1,1,1,1,1,1
1051487320929525760,1,0,0,1,0,1,1,0,0,0
1051474979500503040,1,0,1,0,1,0,1,1,1,0
1051465961969250305,1,0,0,0,0,0,1,1,0,1
1051462374706823169,1,1,1,0,0,0,0,0,0,0
1051460252858761216,1,0,1,0,1,1,0,1,1,1
1051453841697361921,0,0,1,1,0,0,1,1,1,0
1051452351989604352,1,1,1,0,0,0,1,0,0,0
1051448697609998336,0,1,0,1,0,0,0,1,1,0
1051430861353177089,1,0,0,0,0,0,1,1,0,0
1051428600900214784,1,0,1,1,0,0,1,0,1,0
1051422737397366784,0,0,1,0,1,0,1,1,0,1
1051364918635708416,1,0,0,0,1,1,0,0,0,1
1051278798103203841,1,1,0,0,1,0,0,0,0,0
1051198857974075395,1,0,0,0,1,0,0,1,0,1
1051197397060046849,1,1,1,0,0,0,1,1,0,1
1051180541830037504,1,0,1,0,0,1,1,1,1,1
1051171942714273792,0,0,1,0,0,0,1,0,1,1
1051142433432633345,0,1,0,0,1,1,0,0,1,1
1051131008941260801,1,0,1,0,0,0,1,1,0,1
1051119328127537152,0,0,0,0,0,1,1,0,0,1
1051115179856007169,0,1,0,0,0,1,0,1,0,0
1051088072761376768,1,0,1,0,1,1,0,1,0,1
1051083475091169280,1,0,1,0,1,1,0,0,1,1
1051060496743378944,1,1,0,0,0,1,1,1,1,1
1051060495258550272,0,1,0,0,0,0,1,1,0,1
1051037012210446336,0,1,0,0,1,0,1,1,0,1
1051033415569612800,1,1,0,1,0,0,0,0,0,0
1051027672812400640,0,1,0,1,0,1,1,0,1,0
1051027455933390848,0,1,0,1,1,0,0,0,1,1
1051026235852238848,0,1,0,0,0,1,1,0,0,0
1051004358647787520,0,1,0,0,1,1,1,1,0,1
1050998502443143168,0,0,1,1,1,0,1,1,1,0
1050995934115635200,1,1,0,1,1,1,1,0,1,0
1050994908318892033,1,0,1,1,1,1,0,1,1,0
1050994125997305856,0,0,1,0,0,0,0,1,0,1
1050986367780614144,1,0,0,1,1,0,1,0,0,1
1050966980742799360,0,1,0,1,1,1,0,1,0,1
1050951304988643329,1,0,0,1,1,0,1,0,1,0
1050903817921810432,0,0,0,1,0,1,1,0,0,1
1050860612455161857,0,1,1,1,1,0,0,1,1,1
1050854323566112769,0,1,1,0,1,0,1,1,1,1
1050850797519552512,1,0,1,0,1,0,1,0,0,0
1050831067295490048,1,0,0,1,0,1,1,0,0,0
1050827677949677574,1,0,1,1,1,0,1,1,1,0
1050817337706913793,1,0,0,1,1,0,0,1,1,1
1050813520235950080,1,0,0,1,1,0,1,1,1,1
1050809163322990592,0,0,0,0,1,1,0,1,1,1
1050808775026925568,0,0,1,0,1,0,1,0,1,0
1050805605743583232,1,0,1,1,1,1,0,1,0,0
1050790209443561472,0,0,1,0,0,0,1,1,1,0
1050772355310530560,1,0,0,0,1,1,0,1,1,1
1050768779423219712,0,1,1,1,1,0,0,0,1,1
1050763197182078977,1,1,1,1,0,1,1,0,1,0
1050762591394512901,1,1,0,0,0,0,0,1,1,1
1050746660186451970,1,0,1,1,1,0,0,0,1,0
1050738668900634626,0,1,0,0,0,0,1,1,0,1
1050735578155835392,1,1,0,0,0,0,1,0,0,0
1050718826969600000,0,1,1,1,0,0,0,1,1,0
1050705540836409345,1,1,0,0,0,0,0,0,0,1
1050692649856983042,1,0,1,1,0,1,1,1,1,0
1050687097005383680,0,1,0,0,1,0,1,1,0,0
1050684711746592768,1,1,0,1,0,1,0,1,0,0
1050682093410299904,1,1,1,0,0,0,1,0,1,1
1050680396025757696,1,1,1,1,0,1,1,1,1,0
1050646822325170178,0,0,1,1,1,0,0,0,1,1
1050646592280088582,0,0,1,1,1,0,0,1,0,0
1050642824205484032,1,1,1,1,1,0,0,0,0,1
1050642809911275521,0,0,1,1,1,1,1,0,0,1
1050642526913187840,0,0,0,1,0,1,1,0,0,0
1050631344609320960,1,1,0,0,0,0,0,1,0,1
1050571318939267074,1,0,0,1,0,0,1,1,1,1
1050559702495449090,1,0,0,0,1,1,1,1,0,1
1050538179307163648,0,1,1,1,1,1,0,1,1,0
1050536528621973504,1,0,1,1,1,1,1,0,1,0
1050533144728883200,1,0,0,0,1,0,1,0,0,1
1050519834981617665,0,0,0,0,0,1,1,1,0,1
1050503905602392064,0,0,1,1,1,0,1,0,1,1
1050500297473187840,0,1,1,0,0,1,0,0,1,0
1050493437051621377,0,0,1,0,0,1,1,0,0,1
1050491236413566976,1,0,0,1,1,0,0,1,0,1
1050476557461000192,0,0,0,0,0,1,1,1,1,1
1050472323986464781,0,0,1,0,1,1,0,1,1,1
1050469993924763651,1,1,1,0,1,1,1,0,0,0
1050466413356441600,1,1,0,1,0,0,1,0,1,1
1050464734707765248,0,0,0,1,0,0,0,1,0,1
1050462001590411264,0,0,0,0,0,0,0,1,0,0
1050461031208636417,1,0,0,1,1,0,1,0,0,0
1050460615213572096,0,1,0,1,1,1,0,1,1,1
1050457906125135874,1,1,0,1,1,1,0,1,0,0
1050456063705788417,1,0,0,0,1,1,1,0,1,1
1050449760308666368,0,0,0,1,0,1,0,1,1,1
1050435146980229120,0,1,1,1,1,0,1,0,1,1
1050432153052475397,1,1,0,0,0,1,0,0,0,0
1050427281460490240,1,0,1,1,1,0,0,1,1,0
1050427054041194497,0,0,0,1,1,1,1,1,1,0
1050423286616793091,0,1,1,1,0,0,0,0,1,0
1050418364366110721,0,0,1,0,1,1,0,1,1,0
1050417237847347200,1,0,0,0,0,0,1,1,0,0
1050415890037202944,0,1,0,0,0,0,1,1,0,1
1050413724098617344,0,0,1,0,0,1,0,1,0,1
1050379818657824768,0,1,1,0,0,0,1,1,1,1
1050358779009789952,1,1,1,1,1,0,1,1,1,1
1050358210459258880,0,0,0,1,0,0,1,1,0,0
1050351852611616769,1,1,0,0,1,1,1,1,0,1
1050351556737060864,0,0,1,0,1,0,0,1,0,1
1050340707821608960,0,1,0,1,1,1,0,0,1,0
1050337661423165441,0,0,0,0,0,0,0,0,1,1
1050321563659198464,0,0,1,0,0,1,1,1,0,1
1050319667145973765,0,1,1,1,0,1,1,1,1,1
1050308244118413312,0,1,1,0,0,1,1,1,1,0
1050302805922275328,1,1,1,0,0,1,1,1,1,0
1050299146022912001,1,1,1,0,0,0,1,1,0,1
1050293907802738688,1,1,1,0,1,0,1,0,1,1
1050293734997467137,1,0,1,1,0,1,1,0,0,1
1050292357449609216,1,0,0,0,0,1,1,1,1,0
1050291166888058880,1,1,1,1,1,0,1,1,1,0
1050286140647829506,1,1,1,1,0,0,1,0,1,1
1050273624177799168,1,0,0,0,0,0,1,0,0,1
1050273268572348416,0,1,1,0,1,1,1,1,0,0
1050195049844105216,1,1,0,1,1,0,1,1,1,1
1050193025387790336,1,1,0,0,1,0,1,1,0,1
1050186990711271424,1,0,0,0,0,0,1,0,0,1
1050170419637088256,0,1,1,0,0,1,0,1,0,1
1050169575256412160,0,1,0,1,1,1,0,0,1,0
1050155961644531712,1,0,0,1,0,0,1,0,0,0
1050138317629599745,1,0,0,0,0,1,0,0,1,1
1050129952685867012,1,1,0,0,1,0,1,1,1,0
1050120580664561664,0,1,1,1,1,0,1,0,0,0
1050115879621537792,1,0,0,0,1,1,0,0,1,1
1050109354261671936,0,0,0,0,1,1,0,0,1,1
1050104427737243648,0,0,1,1,1,1,0,1,0,1
1050096370571456517,0,1,0,1,1,0,0,1,1,0
1050094927139532800,1,0,0,1,0,0,0,0,1,1
1050086957659947008,1,0,1,1,0,0,1,1,1,1
1050081792252932096,0,0,1,1,1,1,1,1,0,0
1050080209385521152,0,0,1,1,1,1,1,1,0,1
1050079925171044353,0,1,1,0,0,1,1,0,1,1
1050065090593021953,0,1,1,1,1,0,0,1,0,0
1050063186097885184,0,1,1,1,0,0,0,1,0,0
1050057170467868672,1,1,0,0,1,0,0,1,1,0
1050050193662595072,0,0,0,1,1,1,1,0,0,1
1050044499047706624,1,0,0,1,0,1,1,0,1,0
1050041237418328064,1,0,1,0,1,1,1,1,0,0
1050037136919912449,0,0,1,1,0,1,1,1,1,1
1050034775858270208,0,1,1,0,0,0,0,1,1,0
1050032198382997504,1,0,1,1,0,0,0,0,1,1
1050029450581168128,1,1,1,1,1,0,0,0,1,1
1050018356714201090,1,1,1,1,1,0,0,0,0,1
1050009520527855616,1,1,0,1,1,0,0,1,1,0
1050009232991383553,1,1,1,0,1,1,0,1,1,1
1050001778605842432,1,0,1,1,0,1,1,1,0,1
1049998247660384256,0,0,0,1,0,0,1,0,0,1
1049996011530158083,0,1,0,1,1,0,1,1,0,1
1049995460511813632,1,1,1,1,0,0,0,1,1,1
1049992996761100288,0,1,0,0,1,1,0,1,1,0
1049992714979168256,1,1,0,1,0,0,0,1,0,0
1049992647467835392,0,0,0,1,0,0,0,1,0,1
1049991827917549568,0,0,0,0,0,0,0,0,0,0
1049987066891825157,1,1,0,1,0,1,1,1,1,1
1049972924768112640,0,0,0,1,0,0,1,0,1,0
1049970871165702145,1,1,0,1,1,0,1,0,0,0
1049968623773728774,0,0,0,1,0,1,0,1,1,1
1049951189918343169,1,0,1,1,0,0,0,0,1,1
1049950285790158850,0,1,0,1,0,0,0,1,0,0
1049946329001152512,1,0,0,0,0,1,0,1,0,1
1049945366605389824,1,1,0,0,1,0,0,1,0,1
1049930754287960064,0,1,1,1,1,0,0,0,1,1
1049926272665743361,1,1,0,0,1,1,0,1,1,0
1049918177956782080,1,1,1,1,1,1,1,1,1,0
1049895116108951552,1,1,0,0,0,1,0,0,1,0
1049869526244954112,0,1,0,1,0,1,0,1,0,1
1049807824338001922,0,1,1,0,1,1,1,0,0,0
1049756992007495681,0,1,1,0,0,0,1,0,1,1
1049745121850417153,1,0,0,0,1,1,1,0,0,1
1049744275746037761,1,0,0,0,1,0,0,0,0,1
1049744207903109120,1,0,0,1,1,0,1,0,1,1
1049737413176770560,0,0,1,1,1,0,0,1,1,0
1049732091099979778,1,0,0,1,1,1,0,1,1,0
1049731391611686912,1,0,0,1,0,1,0,1,1,0
1049722558445232133,1,1,1,0,1,1,1,1,1,0
1049718717230313473,0,0,0,0,1,0,0,1,1,1
1049706764541652992,1,0,0,1,1,0,1,1,0,1
1049701641581154309,0,0,0,0,0,0,0,0,0,1
1049688205107363840,0,1,1,1,0,0,1,0,1,1
1049686953753370624,1,1,1,0,0,0,1,0,0,0
1049682521947029504,1,0,1,0,1,1,0,1,0,0
1049681534029053952,1,0,1,0,0,0,0,0,0,1
1049680607419219968,1,0,0,1,1,1,1,0,0,1
1049675320830259201,1,0,1,1,1,0,0,1,0,1
1049668849816100865,1,1,1,1,0,1,0,0,0,0
1049662249881755649,0,1,1,0,1,0,1,1,1,0
1049646916617682944,1,1,0,1,0,0,0,0,1,0
1049638420170137600,0,1,0,1,0,1,1,0,0,0
1049635589165907968,1,0,0,1,1,1,0,0,0,1
1049632203397885953,1,1,1,0,0,1,1,0,1,0
1049625485427261441,0,1,0,1,0,1,1,1,0,1
1049612536377733120,0,1,0,0,1,0,0,1,1,0
1049609581918375937,0,1,1,0,0,1,1,0,0,0
1049607748164317184,0,0,0,1,0,1,0,1,0,1
1049607656242118656,1,1,1,0,0,1,0,1,1,1
1049603198791618560,0,0,0,1,0,0,1,0,0,0
1049594242287292417,1,1,0,1,1,0,1,1,1,0
1049593929539223552,0,0,1,0,1,1,0,1,1,1
1049585260126724096,1,0,1,0,0,0,0,0,0,0
1049573969257488385,1,0,0,0,1,0,0,0,1,1
1049572172740608000,1,1,1,1,1,1,0,0,0,0
1049571367283318785,1,1,1,0,1,1,1,0,0,1
1049570810887884800,0,1,0,1,1,1,1,1,1,0
1049570457542905856,0,0,1,1,1,1,1,1,0,0
1049569260664700928,1,0,1,1,1,0,1,1,1,0
1049568498119258112,0,1,0,1,0,1,1,0,1,1
1049567611003043840,0,0,1,1,1,1,1,1,1,0
1049567100929478656,1,1,0,0,1,1,1,0,1,1
1049566172025372672,0,0,0,1,0,0,0,1,0,1
1049565320770408448,1,1,1,1,0,0,0,0,0,1
1049565091111284736,0,1,0,1,0,1,1,0,0,0
1049564813603610624,0,1,0,1,0,0,0,1,1,0
1049564567494414336,0,1,0,1,0,1,1,1,0,1
1049564418286202885,1,0,0,1,0,0,1,1,0,0
1049562114485047296,0,1,0,0,1,1,1,0,1,1
1049551315469242368,0,0,1,1,1,1,0,0,1,0
1049537575147397121,1,0,1,1,1,1,1,1,1,1
1049530363440181248,0,0,1,1,0,1,1,0,0,1
1049505592451231744,0,1,1,0,1,1,0,0,0,0
1049485080220106753,0,1,1,1,1,1,0,1,0,0
1049473488405372928,0,1,0,1,0,0,0,0,0,0
1049458444686647296,0,0,0,0,1,1,1,0,1,1
1049438101473583104,0,1,0,1,1,1,1,0,0,1
1049437562597769217,0,0,1,0,0,0,0,0,1,0
1049436423055650816,1,1,0,0,1,0,1,1,0,1
1049407606253600768,0,1,1,1,1,0,1,0,0,1
1049372382723366912,0,1,1,1,1,1,0,1,1,0
1049351252516192257,0,0,1,1,1,1,0,0,1,0
1049349471551807489,1,0,1,0,0,0,1,1,1,1
1049343233015402497,0,1,1,1,1,0,0,0,0,1
1049338008938471425,0,1,0,0,1,0,1,1,1,1
1049333115158585344,1,1,0,0,1,1,0,0,1,1
1049332055056822272,0,0,0,1,1,0,1,1,0,1
1049325271348736005,0,0,1,1,0,0,1,0,1,0
1049319846742294528,1,1,0,0,0,1,1,1,0,1
1049319641208815616,0,0,0,1,1,1,0,1,0,1
1049312843609362438,0,0,0,0,1,0,0,0,1,1
1049311704780353536,0,1,0,1,1,0,1,1,1,1
1049306668641804290,0,1,0,0,1,0,0,1,0,1
1049302244296937472,0,1,1,1,1,1,0,1,0,0
1049300228787130368,0,0,1,1,0,1,1,0,0,1
1049296909494571009,1,1,0,1,1,0,1,1,0,1
1049295836478406656,1,0,0,1,1,1,1,0,0,0
1049292253238366209,0,0,1,0,1,0,0,0,0,0
1049290450274795521,1,0,1,1,1,1,1,0,1,1
1049286949008285697,1,1,1,1,1,1,0,1,1,1
1049282639604191233,0,1,1,1,1,1,1,1,1,0
1049281254183469056,1,1,1,1,1,0,1,0,0,0
1049269202102734849,1,0,1,0,0,1,1,1,1,0
1049264560698535938,1,1,1,1,0,0,1,0,0,1
1049261709620391937,0,1,0,1,1,1,0,0,0,0
1049261016813592577,1,1,0,1,1,0,0,0,1,1
1049260935393759232,1,0,1,1,1,1,1,0,0,1
1049223655190720512,1,0,1,0,1,1,0,0,0,0
1049212240321269760,1,1,1,1,0,1,0,0,1,0
1049205780644286464,1,1,1,1,1,1,0,0,0,0
1049195391315582976,1,0,1,1,1,0,0,1,0,1
1049166520272605184,0,1,0,1,1,0,0,1,1,1
1049115302418677762,1,0,0,1,1,0,0,1,0,0
1049114573456850944,0,1,1,1,0,0,0,0,1,1
1049100338580606976,1,0,0,1,0,1,0,0,0,0
1049044002224443392,0,0,0,1,0,1,1,1,1,0
1049042663415013376,1,1,0,0,1,0,1,0,0,1
1049042624949227521,0,1,1,0,0,1,0,1,0,1
1049037700249079809,1,1,1,1,0,1,0,1,0,0
1049021514727575552,0,1,1,0,1,1,0,1,0,1
1049020363483561984,0,1,1,1,0,1,1,0,1,0
1049020024978071557,1,0,1,0,1,1,1,0,0,1
1049019575419981825,1,1,1,1,0,0,1,1,0,0
1049019166311759875,0,1,0,0,1,0,0,0,1,1
1049017042664345600,1,0,1,0,1,1,1,1,0,1
1048987568874897413,1,1,0,1,1,1,1,0,0,1
1048986519996977153,0,1,1,0,1,1,0,1,0,1
1048984878572818434,0,0,1,1,1,0,1,0,0,0
1048954339170037760,1,1,0,0,1,0,1,0,0,1
1048925685421563905,0,1,1,1,1,0,1,0,1,0
1048923673153953792,0,1,1,1,0,0,1,0,1,1
1048913139750776832,0,0,1,0,0,1,1,0,0,0
1048913038517178368,1,1,1,0,0,1,0,1,1,0
1048892369574096896,0,0,1,1,0,1,0,0,0,1
1048892179052150784,0,1,0,1,1,1,1,1,0,1
1048888080713826304,0,0,1,1,1,1,0,1,1,0
1048873638609518594,1,0,1,0,1,0,1,1,1,1
1048851052311662592,0,0,0,1,0,0,1,0,1,0
1048850098300620800,1,1,0,0,1,0,0,0,1,1
1048849512805089280,0,1,0,0,0,0,0,0,1,1
1048825659160776704,1,1,1,0,1,1,1,0,0,0
1048769636894957570,1,1,0,0,1,1,0,1,0,1
1048768346458656768,1,0,0,0,0,1,0,0,1,1
1048754391052963840,0,1,1,0,1,0,0,1,1,0
1048752899239632897,1,1,0,0,0,0,0,1,1,0
1048721588764401666,1,0,0,0,1,1,1,0,0,1
1048711927927635969,0,0,0,0,1,1,0,0,1,0
1048699105185345536,0,1,1,1,0,0,1,1,0,1
1048691182602260487,0,0,1,1,1,0,0,0,1,0
1048682712616370176,1,1,0,1,0,0,0,1,0,1
1048681311316205569,1,0,0,0,1,1,0,0,0,1
1048679504946896896,0,0,1,1,0,0,1,0,1,1
1059359910776000512,0,1,0,1,1,0,1,1,1,0
1058327867321282560,0,1,0,1,1,0,1,1,1,1
1052311781694210048,0,1,1,1,0,0,1,1,1,1
1052309701558448128,0,1,0,0,0,0,1,1,0,1
1052308703284789248,0,0,1,1,0,1,0,0,0,0
1052308229160603648,1,0,0,1,0,0,1,0,1,0
1052307601302511618,0,0,1,0,1,0,1,0,1,0
1052305388912013312,0,1,0,1,0,1,1,0,1,1
1052304828376985600,1,1,0,0,1,0,1,1,1,0
1052303560019505154,1,0,1,1,1,1,0,1,1,0
1052303499285946368,1,0,0,1,1,1,1,0,1,0
1052303228879216641,1,0,0,0,1,0,1,0,0,1
1052303203805667328,1,1,1,1,0,0,1,1,0,1
1052302792109494277,1,1,0,0,0,0,0,0,1,1
1052302627952832512,1,1,0,0,0,0,0,1,1,1
1052302458779774976,1,0,1,0,1,0,0,1,0,0
1052301134281494528,1,0,1,1,1,0,1,1,0,0
1052171587313520640,0,0,1,0,0,1,0,1,1,1
1051858999107379200,1,1,0,1,1,1,0,1,0,1
1051858710002356224,0,1,0,1,0,0,1,0,1,0
1051857532011118592,0,1,0,1,0,0,1,0,0,1
1051848694192996352,0,0,0,0,1,0,0,0,1,1
1051847674457202688,1,0,1,0,1,0,0,0,1,1
1051835771320176641,0,0,0,1,1,1,0,1,0,1
1051835764303175680,1,1,0,0,0,0,1,0,0,1
1051061964506628097,1,0,0,0,1,1,0,0,0,1
1050881803672846336,0,0,1,0,0,0,1,0,1,0
1050880293366841344,0,0,1,1,0,1,0,0,0,1
1050877618776670208,1,0,1,0,1,0,0,0,0,0
1050876686068154368,0,0,1,0,0,1,1,0,0,0
1050874194655883265,1,1,0,1,0,1,1,0,0,1
1050873284747816960,1,1,1,1,0,0,1,0,0,0
1050872755351097347,1,1,0,1,1,0,0,1,0,1
1050872317910405120,1,1,0,0,1,1,0,0,1,1
1050871879333027840,1,1,1,1,1,0,0,0,1,1
1050868792253972482,1,0,0,1,0,0,1,1,0,0
1050863145856700416,0,0,1,0,0,1,1,0,0,1
1050859257799819265,1,0,0,1,0,1,0,1,0,1
1050858911752970241,1,0,1,1,0,1,1,0,0,1
1050853889866694656,0,1,1,0,0,0,1,0,0,1
1050853866751893504,1,0,0,1,1,0,0,1,1,0
1050852288540106752,1,0,0,0,1,1,0,0,1,0
1050851995958108160,0,0,1,1,1,1,0,1,0,0
1050851864126902272,1,0,0,0,1,0,0,1,0,1
1050850862397034496,1,1,1,0,0,1,1,1,1,0
1050850673410142208,0,1,0,1,1,1,0,1,0,1
1050849695675949057,0,0,1,0,1,0,0,1,0,1
1050847025414189058,0,0,0,1,0,1,1,0,1,1
1050845934790283264,0,1,1,1,1,1,0,0,0,0
1050844622120001536,0,0,1,1,1,1,1,0,1,0
1050841445152841728,0,1,1,0,0,1,0,1,0,1
1050840542576332801,0,1,0,1,1,1,1,0,0,1
1050840259578056704,1,0,1,0,1,1,1,1,1,0
1050838132906700800,1,1,0,1,1,1,0,0,1,0
1050837356918517760,1,0,1,1,0,1,1,1,1,0
1050835552713490432,1,1,0,1,0,0,0,1,1,1
1050831484360245249,1,1,0,0,0,0,1,1,0,0
1050831040347066368,1,0,1,1,1,1,1,0,1,1
1050830511017472001,0,1,0,0,0,0,1,1,1,0
1050827701186113536,0,1,0,0,0,0,0,1,0,1
1050825184356134912,1,1,0,1,0,1,1,1,1,0
1050824155027918848,0,1,1,1,1,1,0,0,1,0
1050823819592495104,1,1,1,0,0,0,1,0,1,1
1050823601044316161,0,1,0,1,0,0,0,0,1,1
1050820163027787776,0,0,1,1,1,1,0,0,1,0
1050819997587529728,1,0,1,1,0,1,0,1,1,0
1050819917182685184,1,0,1,0,1,1,0,1,0,0
1050818663211782144,0,0,1,1,1,0,0,1,1,1
1050817288839008256,1,0,0,0,1,0,0,1,1,1
1050816380436733955,0,0,0,0,0,1,1,1,0,0
1050815839891595266,0,1,1,0,1,0,1,0,1,0
1050815343034335232,1,0,1,0,0,1,1,0,0,0
1050814454764429312,0,0,1,0,1,0,1,0,1,0
1050812449669013504,0,0,1,1,0,1,0,0,0,1
1050811759093800960,0,0,1,0,1,0,1,0,0,0
1050810204990918658,1,0,0,1,1,0,0,0,0,1
1050810172417994755,0,0,0,1,1,1,0,1,0,0
1050809631025573889,0,0,1,0,1,1,0,0,1,0
1050809409738280960,0,1,1,1,1,1,1,0,0,1
1050808440434634753,1,0,0,0,0,1,1,0,0,1
1050807948375715840,0,1,1,1,0,0,1,1,0,0
1050807491406245888,1,1,1,1,0,0,0,0,0,0
1050806336621957120,0,0,0,0,0,0,1,0,1,1
1050805294085726208,0,0,1,0,0,1,0,1,0,1
1050799630257131520,1,0,0,1,0,1,1,0,1,1
1050798718507802630,0,0,1,1,0,1,0,0,0,0
1050798302105661440,1,0,1,1,0,1,1,1,0,1
1050796251040571392,1,1,0,1,0,0,0,0,0,1
1050796099773091841,1,0,1,0,0,0,0,0,1,0
1050795753495498757,1,0,0,1,0,0,0,0,1,0
1050794676905762816,1,1,1,0,1,1,0,1,1,1
1050794254715559937,1,0,1,1,1,1,1,0,1,1
1050790222613512193,1,0,1,1,0,1,0,0,1,0
1050788688412561408,1,1,0,1,0,1,0,0,1,0
1050788135443955712,0,1,0,1,1,0,0,0,1,0
1050787054890627072,0,0,1,1,1,1,1,1,1,0
1050785127226335234,0,0,0,0,1,1,1,0,0,1
1050784313724166145,1,1,0,1,0,0,1,1,0,1
1050782715761618951,1,0,1,0,0,1,1,1,0,0
1050781732142608384,1,1,1,1,1,1,0,1,1,1
1050781659975409664,1,0,0,0,1,0,0,1,0,0
1050780733000712192,1,1,0,1,0,1,0,0,0,1
1050779972602871810,0,0,1,0,1,0,0,0,1,1
1050778880720732160,0,0,1,1,0,0,0,1,0,1
1050778872839516161,0,1,0,1,0,0,0,1,1,0
1050778587039715328,1,1,1,1,0,1,1,0,0,0
1050777897730895872,1,1,0,0,1,1,1,0,0,0
1050777612400910338,1,1,1,1,1,1,0,1,1,1
1050777333454577666,0,0,1,1,0,1,0,0,0,0
1050776537748922369,1,1,0,1,0,1,1,0,0,0
1050775714344169472,1,1,0,1,1,0,1,1,0,1
1050775699936727040,0,1,0,0,0,1,1,0,0,1
1050774658386137089,1,0,1,1,1,0,1,1,0,0
1050774610663403520,1,0,0,0,1,0,1,1,0,0
1050773092920905728,0,1,1,1,1,1,1,1,1,1
1050772897143373824,0,0,0,0,1,1,0,0,1,0
1050772767539417090,0,1,0,0,0,0,1,1,1,0
1050772663411662849,1,0,0,0,1,1,0,1,1,0
1050772455726481409,0,1,1,1,1,1,1,0,0,1
1050772382301003778,0,0,0,0,0,0,0,1,0,1
1050771870025437185,1,1,0,1,1,1,0,0,0,1
1050768157462409220,1,1,1,0,1,0,0,0,1,1
1050766088672354305,0,1,1,1,0,1,1,0,1,0
1050765383081316355,1,0,0,1,0,1,1,0,0,0
1050764838119632896,0,1,0,0,0,1,1,0,1,1
1050764641310318593,1,1,1,1,1,0,1,0,1,1
1050764629075464192,1,1,0,0,0,0,1,0,0,1
1050764550130360322,1,1,0,0,1,1,0,1,1,1
1050763506797166594,1,0,1,1,0,0,1,1,0,1
1050763038893182976,1,1,0,1,1,0,1,0,0,0
1050762440592515075,0,1,0,1,0,1,0,0,1,0
1050760179539726336,0,0,1,0,0,1,0,1,1,0
1050759845241085963,1,0,0,0,0,1,0,1,1,1
1050757470950498304,0,1,1,1,0,0,1,1,0,1
1050755784257298433,0,1,1,1,0,0,1,1,1,1
1050755616791322627,0,0,1,0,0,0,1,0,1,1
1050755527863615488,0,1,0,1,1,0,1,1,1,1
1050754695084605441,0,1,1,1,0,0,1,0,1,1
1050754354028908544,0,0,1,0,1,0,0,0,0,0
1050753954756403201,1,0,0,0,1,0,1,0,0,1
1050753701772693504,1,1,1,1,0,0,0,0,0,0
1050753040289021958,0,0,0,0,1,1,0,1,0,1
1050752999776235520,1,1,1,0,0,0,0,1,1,0
1050752709018734592,1,0,1,1,0,1,1,1,0,0
1050751548479995905,0,0,0,1,0,1,0,1,0,1
1050751431102406657,0,0,0,1,1,1,1,0,0,1
1050750231523065856,0,0,0,0,0,0,0,0,0,0
1050749774276816901,0,1,0,0,1,0,0,1,0,1
1059908833785667585,0,0,1,1,1,1,1,1,1,1
1059906778698342406,1,1,1,1,1,0,1,1,1,1
1059897726643535872,1,1,1,1,1,1,1,1,1,1
1059888068784803842,0,1,1,0,1,1,1,1,0,0
1059884672480694273,0,0,0,1,1,0,1,0,0,1
1059862559422115840,1,1,0,1,0,0,0,0,1,0
1059852919678234624,0,0,1,0,0,0,1,0,1,1
1059850153132257281,1,1,1,0,1,0,1,0,0,0
1059846158846050304,0,0,0,1,1,0,0,0,0,0
1059831194798485504,1,1,1,1,0,1,1,1,0,1
1059824741287112704,1,0,1,1,1,1,0,0,1,1
1059824274943422465,1,0,0,1,0,1,1,0,0,1
1059811418030014466,0,1,0,0,0,0,1,1,1,1
1059804343354806272,0,0,1,1,0,0,0,0,1,1
1059780349646069760,1,0,0,1,1,1,1,0,0,0
1059778497181376512,0,0,1,1,0,0,0,0,1,1
1059770369907675136,1,0,0,0,0,1,0,0,0,1
1059762447706476544,0,1,0,1,1,0,0,1,1,0
1059761414993338368,0,0,0,0,0,1,0,1,1,0
1059755269914165249,0,0,1,0,0,0,1,0,1,1
1059752268478775296,1,1,0,0,1,1,0,1,1,0
1059739623528771584,1,1,0,0,1,1,1,1,1,0
1059735047962587136,0,1,1,0,0,1,1,0,1,0
1059732712116940800,1,1,1,0,1,0,1,0,0,0
1059719640857935873,0,0,0,0,0,0,0,1,0,0
1059716230318305281,0,1,0,0,0,1,0,0,1,1
1059712274355630081,0,0,1,1,0,0,0,0,1,1
1059702095237001217,1,0,0,0,1,0,0,0,1,1
1059669483969597440,1,1,1,0,1,0,1,1,1,0
1059653112787582976,0,0,1,0,1,1,0,0,0,1
1059653101337174017,1,0,0,0,1,1,1,0,1,0
1059652976342634496,1,1,1,1,0,1,0,0,1,1
1059646351678496768,0,1,1,1,1,1,1,0,1,0
1059599833923694592,1,0,1,1,1,1,1,1,1,1
1059575928676700160,0,1,1,0,0,1,0,0,0,1
1059573845722456064,0,1,0,1,0,0,1,0,1,0
1059562690895626242,1,1,0,0,0,0,0,1,1,1
1059551999543443456,0,0,1,0,0,0,0,0,0,1
1059551819049902081,1,1,0,1,0,1,1,0,0,0
1059546296149729280,1,1,1,0,1,0,0,1,1,0
1059524256688685058,0,1,0,0,1,0,0,1,1,1
1059498339190956032,1,0,0,1,1,0,1,0,0,0
1059493995812937728,1,0,1,0,1,1,0,1,0,0
1059490972873170949,1,0,1,1,0,0,0,1,1,1
1059487414228578305,1,0,0,0,1,1,0,1,1,1
1059487213375905792,1,1,1,1,1,0,0,0,0,0
1059465390634516481,0,1,0,1,1,0,1,1,0,1
1059457514935267330,1,1,1,0,1,0,0,1,1,0
1059448523924615173,1,1,0,0,0,1,1,0,0,0
1059443957036388352,0,1,1,1,1,1,1,0,0,1
1059439961768812545,1,0,1,1,1,1,0,0,0,0
1059438580513288193,1,1,1,1,1,0,1,1,1,0
1059431495549534208,1,0,0,1,0,1,0,0,1,0
1059426668434149376,1,0,0,0,0,1,1,0,1,1
1059425797667241984,0,0,0,0,1,0,1,0,1,0
1059422801373872129,1,1,0,0,1,1,0,1,0,0
1059419067944181760,0,1,1,1,0,1,0,1,1,1
1059418868211466240,0,0,0,0,0,1,0,1,1,0
1059408002480893952,0,1,1,1,1,0,0,1,1,0
1059407283749294080,1,0,1,0,0,0,0,1,1,0
1059407102173741058,1,0,1,1,1,0,0,1,0,1
1059405103696887808,0,0,0,1,1,0,1,1,1,1
1059404473100128257,0,1,1,0,1,1,1,1,1,1
1059390634291683328,0,0,1,0,0,1,0,0,1,0
1059384913051422723,0,1,0,1,0,0,1,1,1,0
1059384892545556483,0,0,1,1,1,1,0,1,1,0
1059375359974608901,1,1,0,1,0,0,1,1,1,1
1059372284576780288,1,0,0,1,0,0,0,1,0,1
1059364335313711104,0,1,0,1,1,0,1,1,0,0
1059364250811015168,1,1,1,1,0,1,1,0,0,1
1059362914145050624,0,0,1,1,0,1,0,1,0,1
1059350974379294720,1,0,0,0,1,1,1,0,1,1
1059295005678784512,1,0,1,1,0,1,0,0,1,1
1059291556539060224,0,0,0,0,0,1,0,0,1,1
1059250808418639872,0,1,0,1,1,1,0,0,0,1
1059235181989687296,1,1,0,1,0,1,0,0,0,0
1059180383571492865,1,0,0,1,0,1,1,0,1,1
1059179640751865859,0,0,0,0,1,1,0,1,1,0
1059177843777826816,0,0,1,1,0,1,1,1,0,0
1059176671629189121,1,0,1,0,1,1,0,1,0,1
1059166084639739906,1,1,0,1,0,0,0,1,0,0
1059150976601464832,0,1,0,1,0,0,1,0,0,0
1059132173058498561,0,1,1,1,0,1,1,1,1,0
1059131051958853632,1,0,0,0,0,0,0,1,1,1
1059114273971097602,0,1,1,0,1,1,0,0,0,0
1059106037444304897,0,0,0,0,1,1,1,1,0,0
1059090933629751298,0,0,1,1,1,1,1,0,1,1
1059087454525739008,0,0,0,1,1,1,1,1,1,0
1059068029957476352,1,1,1,0,1,0,0,0,0,1
1059061321562513409,0,0,1,1,0,1,0,1,0,1
1059028842243862528,0,0,1,1,0,0,1,1,0,0
1059028023998066688,1,0,1,1,1,0,0,1,0,1
1059006366562615298,1,1,1,0,0,0,1,1,1,0
1059005204903927808,0,1,0,0,0,1,0,0,1,1
1058997501452111872,1,0,1,1,1,1,1,0,0,1
1058977403475816448,0,1,0,0,1,0,1,0,1,1
1058910470805970944,0,1,0,1,0,1,0,0,1,1
1058896885828603905,0,1,1,1,1,1,0,0,0,0
1058893446876880896,1,1,1,0,0,0,0,0,1,1
1058831427561775106,0,1,1,1,1,1,0,1,1,1
1058827144023937025,1,0,1,0,1,0,1,1,1,0
1058822306321989632,0,1,1,1,1,1,1,1,1,0
1058819061558231041,1,0,0,0,1,0,0,0,0,0
1058788899898773505,0,1,1,0,1,1,0,1,1,0
1058769616346980358,0,0,1,0,0,0,0,1,0,0
1058765755540496384,0,1,0,1,1,1,1,0,1,0
1058761965093429248,1,1,0,1,1,1,1,0,1,0
1058756537450151936,1,0,0,0,1,1,1,1,0,0
1058734180606074880,0,1,0,0,0,0,1,1,0,0
1058729384494989312,1,1,0,0,1,0,0,0,1,1
1058674612416974848,1,1,0,0,0,1,0,0,0,0
1058672670584332288,0,1,0,1,0,1,0,0,0,0
1058654932289667073,1,0,0,0,0,0,1,1,1,1
1058652528152403968,1,0,0,1,1,0,1,1,0,1
1058641273140076544,0,0,1,0,1,1,1,0,1,1
1058621943623102464,0,1,1,1,0,0,0,0,0,1
1058617871859924992,1,0,0,0,0,1,1,1,0,1
1058547317987467264,1,0,0,0,1,1,0,0,1,0
1058530467903868928,1,0,1,1,1,0,0,1,0,1
1058472946015092736,0,1,1,1,1,1,0,1,1,0
1058471797371351040,1,1,0,0,1,1,0,1,1,0
1058471788617891845,1,0,1,1,1,0,0,0,0,1
1058458611234541568,0,1,1,0,1,0,0,1,0,1
1058437381450354689,1,0,0,1,1,1,1,1,0,1
1058426772755234817,1,1,1,1,0,1,0,0,1,1
1058419984823713792,1,1,1,1,1,1,0,0,1,0
1058407900023058432,1,0,0,0,1,0,1,0,1,0
1058407283917578240,0,0,0,1,1,1,1,0,1,1
1058398141752459267,0,1,1,0,0,0,0,0,0,1
1058396452379070468,1,0,1,0,1,0,0,0,1,0
1058384758965784576,1,1,1,1,1,1,1,0,1,0
1058369898538246145,0,1,1,1,1,1,1,1,1,1
1058365350184734723,0,1,0,1,0,0,1,1,0,0
1058358073453170688,1,0,1,1,0,0,1,0,0,1
1058357187800678400,0,1,1,1,0,0,1,1,1,1
1058344237152890880,0,1,1,0,0,0,1,0,1,0
1058336933678604288,1,1,1,1,0,1,1,1,0,0
1058335768836497408,0,1,0,1,0,0,1,0,1,0
1058331251587846145,1,0,1,1,0,1,0,0,0,1
1058327294425612288,1,0,1,1,0,1,1,1,0,1
1058315526475317248,1,0,1,0,1,0,0,0,1,1
1058313072622952448,1,1,1,0,1,0,0,1,0,0
1058310002308509696,0,1,1,1,1,1,1,1,0,1
1058306560060022784,0,1,1,1,1,1,1,1,1,0
1058303092922482688,0,1,1,1,1,0,0,1,1,1
1058302246339952641,0,1,0,0,0,0,0,1,0,1
1058298492672753665,1,1,0,0,0,0,1,1,1,0
1058278364270739457,0,0,1,1,1,0,1,1,1,0
1058277546243055616,1,1,0,0,1,1,0,1,1,1
1058270071490011136,1,0,0,1,0,1,0,1,1,1
1058266753594200064,1,1,1,0,0,0,1,1,0,1
1058231441597784064,0,0,1,1,1,1,0,0,0,0
1058186361000390656,1,0,0,0,1,0,0,1,0,1
1058180401099882496,0,1,0,1,0,1,0,0,0,1
1058178161542868992,0,1,0,0,0,0,1,1,1,0
1058172847556833281,0,0,1,1,1,1,0,1,0,0
1058135355130568705,0,0,0,1,0,0,0,1,0,1
1058134609798537217,1,1,1,1,0,1,0,0,0,1
1058131356985757696,1,1,1,1,1,1,0,0,1,0
1058130225714905094,0,0,1,1,1,0,1,1,0,0
1058126342728880130,0,1,1,1,1,0,1,0,0,1
1058112799849635841,0,1,0,0,0,0,0,1,0,0
1058098047752790016,1,0,1,0,0,0,1,0,0,1
1058094887336214528,1,0,1,0,1,0,0,0,1,0
1058088530268831744,0,1,0,1,0,0,0,1,1,1
1058082023531778049,1,0,1,0,1,0,1,0,0,0
1058080769074257920,0,1,0,0,0,0,1,0,1,1
1058080060626952199,1,1,0,1,0,1,0,0,1,1
1058078617593364480,1,1,1,0,1,1,0,1,1,1
1058066845406769154,1,1,1,0,0,1,0,0,1,1
1058059949086044163,0,1,0,0,0,0,1,0,0,1
1058057359409508352,0,1,1,1,1,1,0,0,1,1
1058056828829884417,0,1,0,1,0,1,0,1,0,0
1058049119267229696,1,1,1,0,0,1,0,0,1,0
1058047941603135489,0,0,0,1,1,1,1,1,1,0
1058041582237167616,1,1,0,1,0,1,1,1,1,0
1058035986901360640,0,0,0,1,1,1,1,0,0,0
1058031547566211072,0,1,0,0,0,1,1,1,1,1
1058030154746941440,1,1,1,1,1,0,1,1,1,1
1058024054597271553,0,0,1,1,0,1,1,0,0,0
1057998028341211136,0,0,1,1,0,0,1,0,0,1
1057993020187009027,1,0,1,0,1,1,1,1,1,1
1057993014809894912,0,1,0,1,1,0,0,0,0,0
1057992763768295424,0,0,1,1,1,0,1,1,0,1
1057976555614429184,1,0,0,0,0,0,0,1,0,0
1057971027232387072,0,0,0,0,1,0,1,0,1,0
1057971023444873218,0,0,1,0,1,0,1,1,1,1
1057967017330905093,0,0,1,1,1,1,0,1,1,0
1057966169943146497,0,1,0,0,1,1,0,0,0,0
1057959783444242433,1,1,1,0,1,0,0,1,0,0
1057956218646528000,1,1,0,0,1,1,1,1,0,0
1057945319646863360,1,0,1,1,1,0,0,0,1,1
1057940732697284608,0,0,1,0,1,0,1,0,1,0
1057937158130958336,0,1,0,1,0,1,1,0,1,1
1057926600996610049,0,1,1,0,1,0,0,0,0,0
1057925346740330497,0,0,0,0,1,1,1,1,0,0
1057897710215458817,1,0,1,1,0,1,0,1,0,0
1057897704897110020,1,0,0,0,1,1,1,1,1,0
1057891627358928897,0,0,1,0,1,0,0,1,0,0
1057856459797643264,1,1,0,1,0,1,1,0,0,1
1057843224767737856,0,1,0,0,1,0,0,1,1,1
1057785117912039426,0,1,0,0,0,0,1,1,1,0
1057784546001895427,1,0,1,0,1,0,1,0,0,0
1057757035083784192,0,0,1,1,0,1,0,0,0,1
1057735237810163714,0,0,0,1,0,1,0,0,1,0
1057733176032931841,0,0,0,1,0,1,1,0,0,1
1057723407759015938,0,1,0,0,0,0,1,1,1,0
1057703536530677760,0,0,0,1,0,0,0,1,0,1
1057697724655656960,1,1,0,0,0,0,0,1,1,0
1057689972822675456,1,1,0,1,0,0,0,1,1,1
1057680895631650816,0,0,1,1,1,1,1,1,1,0
1057676119090974720,0,1,0,1,1,0,0,1,0,0
1057664754746044416,1,0,1,0,0,1,0,1,1,1
1057660031070543873,0,1,0,1,0,0,1,1,0,0
1057654006934368256,1,0,1,0,0,0,1,0,1,0
1057653722954825728,0,1,1,1,1,0,1,1,1,0
1057653002889236480,1,1,1,1,1,0,0,0,0,0
1057652583823753222,1,0,0,1,1,1,0,1,0,0
1057647749682946048,0,0,1,1,1,1,1,0,0,0
1057641095981682688,0,1,1,1,1,1,1,1,1,1
1057635487425253378,1,0,0,0,0,0,0,1,0,0
1057615956598538240,0,0,1,1,0,0,1,1,0,1
1057612871616679937,1,1,1,1,0,1,0,0,0,1
1057603091292393473,1,0,1,1,0,1,1,1,1,1
1057574175857143808,1,0,0,0,0,1,1,1,0,0
1057542631545364480,0,0,1,1,1,1,1,0,1,1
1057534553852649472,1,1,1,0,1,0,1,1,1,1
1057532753623875584,1,1,0,1,0,1,1,1,1,1
1057450600479117312,0,1,0,0,0,1,0,1,1,1
1057446486756245504,1,1,0,0,0,0,1,1,0,1
1057404779775836160,1,1,0,0,1,0,1,1,0,1
1057403365716623362,1,0,0,0,1,1,0,0,0,1
1057380083705528320,0,1,1,0,0,1,0,0,1,1
1057362517398302721,1,0,0,0,0,1,0,1,0,1
1057361334231281665,1,1,1,0,0,0,1,1,1,0
1057354037790760961,1,0,0,1,1,0,0,1,1,0
1057343644624211968,1,0,1,0,0,0,1,1,0,1
1057340587475656704,0,1,1,1,1,1,1,1,1,1
1057340562590916609,1,1,0,0,1,0,0,1,0,0
1057340119257137152,0,1,0,1,0,0,1,0,0,1
1057335563127345152,0,0,1,1,0,0,1,1,1,0
1057334251924930560,0,0,1,0,0,1,0,1,0,1
1057333328179806209,0,0,0,1,1,1,1,1,1,1
1057331817970327554,0,0,0,0,0,0,1,0,0,0
1057329339539353600,1,1,0,1,0,1,1,0,1,0
1057327745519284224,0,1,1,0,1,1,0,1,1,1
1057322816691945472,0,0,0,0,0,0,0,1,0,0
1057320539168165889,1,0,0,1,1,1,1,1,0,1
1057310592510451717,0,0,0,0,0,0,1,0,0,1
1057309941558599685,0,0,0,1,0,1,0,1,0,0
1057306680889724928,1,1,1,0,1,0,0,0,1,0
1057306661889556481,1,1,0,1,0,1,0,1,0,1
1057302926610227201,1,0,1,1,1,0,0,1,0,1
1057302883815702528,0,1,1,1,1,1,1,1,1,0
1057293318432980993,1,0,0,0,0,1,1,1,0,0
1057288272190291968,0,0,1,1,0,1,0,0,1,1
1057286363110871042,0,0,1,1,0,1,0,1,0,1
1057281234135588865,0,0,0,1,0,0,1,0,0,0
1057274649929793536,0,0,1,0,0,0,1,0,1,1
1057273357614415875,1,1,1,0,1,1,0,0,1,1
1057270967846797313,0,0,1,0,0,0,1,1,1,1
1057268361288212484,0,1,0,1,1,1,0,0,1,0
1057263467625897984,1,0,1,1,0,1,0,1,1,0
1057258826565668864,0,1,0,0,1,0,0,0,1,1
1057256878856638465,0,0,0,1,0,1,0,1,0,0
1057255322472058881,1,1,0,1,1,1,1,0,1,1
1057251072962641920,0,0,0,0,0,1,1,0,0,0
1057245809098584064,0,0,1,0,0,1,0,0,1,0
1057245645042532357,1,0,1,1,0,1,1,1,1,1
1057236926560911361,1,0,0,0,0,1,1,0,0,0
1057234126695251969,1,1,0,0,0,0,1,0,1,0
1057233261745917952,1,1,0,0,1,0,0,1,1,1
1057231517041221633,0,0,1,1,0,0,1,1,1,0
1057219494760902657,0,0,1,1,0,0,0,0,1,0
1057210879333281792,0,1,0,0,1,0,0,0,0,0
1057195652575387648,0,0,1,0,0,0,0,1,0,1
1057194762904702982,1,0,1,1,1,0,0,0,0,0
1057158292110299136,1,0,1,1,0,1,0,0,0,1
1057157935841738752,1,1,1,1,1,1,1,1,1,1
1057143835782828032,1,1,1,0,0,1,1,0,0,1
1057088679334809600,0,1,0,0,0,0,0,1,1,1
1057063556233945088,0,1,0,1,0,0,0,1,0,0
1057033222440267776,1,1,1,0,0,0,0,0,0,0
1057027303270682624,0,0,1,1,0,0,0,0,0,1
1057019027829260290,1,0,1,0,0,1,1,1,0,1
1057014868128251904,1,0,0,0,0,1,0,0,0,1
1056997906270564353,0,0,1,1,1,0,0,1,0,1
1056993863309684736,0,1,1,1,0,1,1,0,1,1
1056991953097842689,0,1,1,1,1,1,0,1,0,1
1056988439776804864,1,1,1,1,0,0,1,0,0,1
1056973974163337216,0,1,1,0,1,1,1,0,1,0
1056947031334445059,0,1,0,1,0,0,0,1,0,1
1056944813680062464,1,1,1,0,1,1,1,0,0,1
1056942010903527425,0,1,0,1,0,1,1,1,0,1
1056922221313171460,1,1,0,1,1,0,0,1,0,0
1056909309668442112,1,1,0,0,0,0,1,0,1,0
1056908521457893378,0,0,0,1,1,0,0,1,0,0
1056894751226630144,0,1,0,0,0,1,0,0,0,1
1056884359767248897,0,1,1,0,1,0,0,0,0,0
1056867186868838400,1,1,1,0,1,1,1,1,0,0
1056860656014647301,1,0,1,0,1,1,1,0,0,1
1056856524579061761,1,0,0,0,1,1,1,0,1,1
1056855755264065541,0,0,1,0,1,0,0,0,1,1
1056846102547386368,1,1,1,1,1,0,0,1,1,0
1056837836375236608,1,0,1,0,1,1,1,0,1,1
1056836926462926848,0,1,0,1,0,0,0,0,1,1
1056836471192240128,0,0,0,0,1,1,0,0,1,1
1056793635570794497,1,1,1,0,1,1,0,0,1,0
1056742515968299008,0,0,0,1,0,0,1,1,1,0
1056657673809211392,0,0,0,1,0,1,1,1,1,1
1056602769430331392,0,1,1,0,1,0,0,1,0,1
1056599764152782848,1,1,0,1,0,0,0,1,0,1
1056586146728329216,0,1,0,1,0,0,0,0,1,1
1056585946794246144,1,0,1,1,0,1,0,1,0,0
1056578099452805120,0,0,1,0,1,0,0,1,1,0
1056569371424886785,0,1,1,0,1,0,0,0,1,0
1056559278792806400,1,0,1,1,1,1,1,0,0,0
1056559099301773316,1,0,0,1,0,1,1,0,1,0
1056552095128576000,1,0,0,1,0,0,1,1,1,0
1056551937078812672,0,0,1,1,0,1,0,0,0,1
1056504586029142016,0,1,0,0,0,0,1,1,0,1
1056503365981495298,0,1,1,1,0,1,0,0,0,0
1056502090640621568,1,1,0,1,1,1,0,0,1,1
1056501853943357445,1,1,1,0,1,1,1,1,1,0
1056494720292188160,1,1,0,1,1,1,1,1,0,1
1056478782067036160,0,0,1,1,1,0,0,1,1,0
1056469785750487040,1,1,1,0,0,0,0,0,0,0
1056465188571045888,1,0,1,1,0,1,0,1,0,1
1056464971603890178,0,0,1,1,1,0,1,1,1,0
1056463687077257216,0,1,0,0,1,1,1,1,1,1
1056449475538051072,0,1,1,0,1,1,0,0,1,1
1056440119253655552,1,1,0,1,0,0,0,0,1,1
1056439306468888576,0,1,1,1,0,1,0,0,0,0
1056438229937856512,1,1,1,1,1,0,1,0,0,0
1056432523528622080,0,0,0,0,1,0,0,0,0,1
1056430339135037441,0,0,0,1,1,1,1,1,1,1
1056400976435908608,1,0,0,0,0,1,1,0,1,0
1056324053689081856,1,0,0,0,1,1,0,0,0,1
1056293363748667392,1,0,1,1,0,0,1,0,1,1
1056281545193988098,0,1,1,0,0,1,0,1,0,0
1056279923252441088,0,0,1,0,1,1,0,1,0,1
1056274936224899072,0,1,0,0,1,0,0,1,1,1
1056264611043991552,1,0,0,0,0,1,0,1,1,1
1056251608118554626,0,0,1,1,0,0,0,0,1,0
1056250181761536000,0,0,0,1,0,0,0,0,1,1
1056246486227435520,1,1,1,0,1,1,1,0,1,0
1056244902433120257,1,1,1,1,0,0,0,0,0,0
1056237398135357442,1,1,0,1,0,1,1,0,0,1
1056234278533718017,1,0,1,1,0,0,1,0,1,0
1056230484009738241,0,1,0,1,0,0,1,1,1,0
1052292503381135366,0,0,0,1,1,0,1,1,0,0
1052274364903776258,0,0,1,0,1,0,0,1,1,1
1052232745521307648,1,0,0,0,1,1,0,1,0,0
1052194509822545920,1,1,0,0,0,1,1,1,0,1
1052172242468175872,0,0,1,1,1,1,0,0,1,1
1052163731596201984,1,0,1,1,0,0,0,1,1,0
1052161062387232768,1,0,1,1,1,1,0,1,1,1
1052109186396512257,0,0,1,1,1,1,0,0,0,0
1052105320225357824,0,0,1,1,1,1,0,1,1,1
1052049080812224517,0,0,0,1,1,1,0,0,0,0
1052045343280562176,1,1,1,0,1,0,0,0,1,1
1051906568487411713,1,0,0,0,0,1,0,0,0,1
1051889934859214848,0,0,1,0,1,1,0,1,1,0
1051868219617640448,0,0,1,1,1,0,0,0,1,0
1051828929080844289,0,1,0,1,1,0,0,1,1,0
1051823793591607297,1,0,0,1,0,1,0,1,0,1
1051807591964311558,0,1,1,0,1,1,1,0,0,1
1051787833059540992,0,1,0,1,1,1,1,0,1,1
1051784750363541509,0,0,1,1,0,1,1,1,1,0
1051774720536768516,1,1,0,0,0,1,1,0,0,0
1051760249881923584,0,1,1,1,1,1,1,1,0,0
1051760192042557441,1,0,1,1,1,1,1,1,1,0
1051755827651112960,0,0,0,0,0,0,0,1,1,1
1051749106404745216,0,0,0,0,1,1,0,1,1,1
1051749085647163392,0,0,1,1,0,1,0,1,0,0
1051730580835061760,0,1,1,1,0,0,1,0,0,0
1051700788257583104,1,1,0,0,0,1,1,1,1,0
1051536345531932673,1,0,1,1,1,0,1,1,1,1
1051518279011823616,0,0,1,1,1,0,0,1,1,1
1051485756047446016,1,0,0,1,1,0,1,0,1,1
1051427436745957377,1,1,1,0,0,0,1,1,1,1
1051405340762415104,1,1,0,1,0,0,0,1,0,0
1051399991262998529,0,1,0,1,0,0,0,1,1,1
1051392788716240896,0,0,0,1,0,0,1,1,0,1
1051340322448531457,1,1,1,1,1,0,0,1,1,1
1051127783039086592,0,1,0,0,1,1,0,1,1,0
1051081799592566789,1,1,0,1,0,0,0,1,1,1
1051076335517483010,1,0,1,0,1,1,0,0,0,0
1051072186176495616,1,1,0,0,0,1,0,0,1,1
1051045749163737088,0,1,0,1,0,0,1,1,1,1
1050945757119803392,0,0,0,0,0,0,1,0,0,0
1050781693005582336,1,0,1,1,0,1,1,0,0,0
1050773721760374784,1,0,1,0,1,1,0,1,1,1
1050767019824443392,0,1,1,1,1,1,0,0,0,1
1050740402687549442,0,0,0,0,0,1,0,1,0,0
1050734251451146240,0,0,1,1,0,1,0,1,0,0
1050681331095461888,1,1,0,0,0,1,1,0,0,1
1050657086009266176,1,0,1,1,1,1,0,0,0,0
1050456434763333632,1,1,1,1,1,0,0,1,1,0
1050333185714868224,1,1,1,1,0,0,1,0,1,0
1050319344411037696,0,0,0,0,1,0,0,1,0,0
1050307833831526400,0,0,0,0,1,1,0,0,1,0
1050307542277136384,1,1,0,1,0,1,0,1,0,1
1050297454392987648,0,0,0,1,0,0,1,0,0,1
1050292545304100864,0,0,0,1,1,1,1,1,1,1
1050264592826404864,0,1,1,1,0,1,0,1,0,0
1050225834219454464,0,0,1,0,1,1,0,1,1,1
1050120931983716352,0,0,1,0,0,1,1,1,0,0
1050112552578019329,0,0,1,1,0,0,1,1,0,1
1050007819645153282,1,1,1,1,1,1,0,0,0,1
1049964039185584128,1,1,1,1,1,1,1,1,1,1
1049956285641297920,0,1,1,1,1,0,0,0,0,1
1049932890635739137,1,1,0,0,1,0,0,0,0,1
1049932682245881856,0,1,0,0,0,1,0,0,1,0
1049924495765622785,0,1,1,1,0,1,0,0,1,0
1049921975882137600,0,1,0,1,0,0,0,1,0,1
1049896051388354561,1,1,1,1,0,0,1,0,0,1
1049793146278830080,1,1,1,0,1,1,0,0,1,0
1049733009317011457,1,0,1,0,1,0,0,0,0,0
1049691776305389568,0,1,0,1,0,1,1,0,0,1
1049687371732709376,1,0,0,0,0,1,0,1,0,0
1049661146972729346,1,1,0,1,1,1,0,1,0,1
1049657991803355138,1,0,1,0,0,0,1,0,1,1
1049656956221382657,1,1,1,0,0,1,0,0,1,1
1049566101519122432,0,0,0,1,0,1,0,0,0,1
1049558833138421760,1,0,1,0,0,0,0,0,1,0
1049414866237296646,0,1,0,1,1,0,0,0,0,1
1049386866598965248,1,1,1,1,1,0,0,1,1,1
1049386829445820416,1,1,1,0,1,1,1,1,0,1
1049344012388319232,1,1,1,0,1,0,0,0,1,0
1049286231220269061,0,0,0,1,1,0,0,0,1,1
1049261373451120640,0,1,0,1,1,0,0,1,0,1
1049234722277216256,0,0,0,0,1,1,1,0,1,1
1049179081479139328,1,0,0,0,1,1,1,0,1,1
1049165968822468608,1,1,1,0,0,0,0,0,0,0
1049159040746622977,0,1,0,1,1,1,0,1,0,0
1049151929811652610,1,1,0,1,0,0,0,1,1,0
1049066340491964417,1,1,0,0,0,0,1,1,1,1
1049043414128513024,0,0,1,0,0,0,0,0,1,0
1048984046045417472,0,1,0,1,0,1,0,1,0,1
1048978761100791810,0,1,1,1,0,0,0,1,0,0
1048973321658945537,0,1,0,1,1,0,0,1,1,1
1048904431289421830,0,1,1,1,1,1,1,1,1,1
1048673001330429953,1,1,1,0,0,0,1,0,1,1
1048629480711905280,0,1,0,0,1,0,0,1,0,1
1048619088250122240,1,0,0,0,1,1,0,0,0,0
1048613693380907008,0,0,1,0,1,0,0,0,0,1
1048577522051547136,0,0,1,1,1,0,1,1,0,0
1048554905273819137,1,0,1,0,1,0,1,1,0,0
1048550690254143488,1,0,0,1,0,1,0,0,1,1
1048540875633176576,0,0,1,1,0,1,0,1,0,1
1048513193910235136,0,0,0,0,1,1,1,1,1,0
1048498217627918336,1,1,1,0,0,0,0,1,1,1
1051762034667376640,1,0,1,1,0,0,1,1,1,1
1051762002039836675,1,1,1,0,1,1,0,1,1,1
1051729201798111232,0,0,1,0,0,1,0,1,0,0
1051653732360904704,1,1,0,0,0,1,1,1,0,0
1051580799521353728,0,1,0,0,1,1,0,1,1,1
1051573939829428225,0,1,1,1,1,1,0,0,1,0
1051563862653263873,0,1,0,0,0,0,1,1,1,1
1051554145709187072,0,0,0,0,0,0,1,1,1,1
1051535507598073856,0,0,1,0,0,1,0,1,1,0
1051514901208809472,1,1,1,0,0,1,1,0,0,1
1051488285762224130,1,1,1,0,0,0,0,0,0,0
1051479563350331394,1,0,1,1,1,1,0,0,0,1
1051452248255938561,0,1,0,1,1,1,1,0,0,0
1051447123349131269,1,1,0,0,1,0,1,1,1,1
1051444891216154626,1,0,1,0,1,0,1,0,1,0
1051444887554588672,1,1,0,0,0,0,1,0,0,0
1051442340978614272,1,1,0,0,0,1,0,0,1,1
1051432925768499201,1,0,1,0,0,0,1,1,0,0
1051427568841355266,0,0,0,1,1,0,0,0,1,1
1051427484493893632,0,0,0,1,1,1,1,1,0,1
1051426499012759552,0,1,0,0,0,1,0,0,1,1
1051391963931574272,1,0,0,1,1,1,0,0,0,1
1051388752541536256,0,1,0,1,1,1,1,0,1,1
1051382159083102208,0,1,0,0,0,0,1,1,0,1
1051376984838746114,1,0,1,0,1,1,0,1,0,1
1051368511220510720,0,1,0,0,1,0,0,1,1,1
1051367215482716161,0,0,0,0,0,1,0,0,0,1
1051354322988978176,1,1,0,0,1,1,1,1,0,0
1051354290562977793,1,0,1,0,0,0,1,1,0,0
1051334569947947008,0,1,0,1,0,1,0,0,1,1
1051324494760071168,1,1,1,0,1,1,0,0,0,0
1051322897606828032,0,1,0,0,1,1,0,0,0,1
1051320223289110530,0,0,0,0,1,1,0,1,1,0
1051218454563475456,0,1,1,0,1,1,1,0,1,1
1051218443628875777,0,0,1,1,0,0,0,1,1,1
1051162445702750210,0,1,0,1,1,0,1,0,0,0
1051138857310269446,0,1,0,0,0,1,0,0,1,0
1051136456079470592,0,1,1,1,1,1,0,0,1,0
1051118511882416128,0,0,1,1,1,0,0,1,1,1
1051106826060816384,0,1,0,1,0,0,1,1,1,0
1051100934493810688,0,1,0,0,0,1,1,0,0,1
1051098190538141696,1,1,0,0,1,0,0,0,1,1
1051096103364440064,0,1,0,0,0,1,1,0,1,0
1051092078468435968,0,1,0,1,1,0,0,1,0,1
1051088666809049088,0,1,0,0,1,1,0,1,1,0
1051037181433798656,1,1,1,1,0,0,1,0,1,1
1051037173364023296,0,0,0,1,1,1,0,0,0,0
1050997066757881856,0,0,1,1,1,0,1,1,1,0
1050989182305296384,0,0,1,0,0,0,0,1,0,1
1050987744464257024,1,1,0,1,0,1,0,1,1,1
1050982067855663104,1,0,0,0,1,1,1,1,1,0
1050980330814038016,1,0,0,0,0,1,1,1,1,0
1050976730725330944,0,0,1,0,1,1,0,0,0,1
1050961952694886401,1,1,0,0,1,0,0,0,1,1
1050959804892700672,0,1,0,0,0,1,0,0,1,1
1050959369406271488,1,1,1,1,1,0,0,0,0,0
1050947488281186305,1,1,1,1,0,0,1,0,0,0
1050920471472922624,1,0,1,0,1,1,1,1,1,1
1050865077128056832,0,0,0,1,0,0,1,1,1,0
1050801215213359104,0,0,1,0,1,0,0,0,1,1
1050800026299949056,1,1,0,1,1,0,0,0,0,1
1050786130935914496,1,1,0,1,1,1,0,1,0,1
1050784909105745920,0,0,0,1,1,1,0,0,0,1
1050776072927596545,1,0,0,1,0,1,1,1,0,0
1050771389060448256,0,1,0,0,1,1,1,0,1,0
1050765478581415942,1,0,0,0,0,1,0,1,0,0
1050753376286257152,0,0,0,1,0,0,0,1,1,0
1050747784746360833,0,0,1,0,0,0,1,1,0,0
1050747674415124480,1,0,0,1,1,0,0,0,1,0
1050746138993651713,0,0,1,0,1,0,0,1,0,1
1050741000262496256,1,1,0,0,1,1,0,0,0,0
1050733615183609856,1,0,1,1,0,1,0,1,0,0
1050730979214602240,0,0,0,1,0,0,0,1,0,1
1050710317582508034,0,0,0,0,1,1,1,1,1,0
1050709756099334144,1,0,0,0,0,0,1,1,0,0
1050674840007372803,1,1,1,1,1,0,1,0,0,1
1050655008885108737,0,0,0,0,0,1,0,0,0,0
1050649972411006976,0,0,0,0,1,1,0,1,0,0
1050642668307398656,1,1,0,0,0,1,1,1,0,0
1050612572032888832,1,1,1,1,1,1,0,0,0,0
1050586024949166081,0,1,1,0,0,0,1,1,1,0
1050437748556013568,1,1,1,0,0,1,0,1,1,1
1050437322053947395,1,0,0,1,1,0,0,0,1,0
1050426111505633286,1,0,1,0,1,0,0,0,0,1
1050425848472453121,1,1,1,0,0,1,1,1,0,0
1050418754444808192,0,0,1,1,1,1,0,0,1,1
1050372317447118849,1,1,1,1,0,0,1,1,0,1
1050366125068890113,1,1,0,1,1,1,1,0,1,1
1050357799425888257,1,0,0,1,1,1,0,0,1,0
1050344899856470016,1,0,1,0,0,1,0,0,0,1
1050323577369546752,1,1,0,1,0,1,1,1,1,1
1050312434152542208,0,1,0,0,0,0,0,1,1,1
1050305048218095617,0,1,0,1,0,1,1,0,0,1
1050297153556336640,0,1,0,1,0,0,1,0,0,0
1050252643371610113,0,0,1,1,1,0,1,1,1,1
1050252229976834048,1,0,0,0,0,1,0,0,1,1
1050240893653942273,0,0,1,0,1,1,1,0,0,1
1050183717174427648,1,1,1,0,1,0,0,0,0,1
1050043081389690880,0,1,1,0,0,0,0,1,0,0
1050039797400498177,0,1,0,1,1,1,0,0,1,1
1050029535410839552,0,0,1,1,0,1,1,0,0,1
1049963578466455552,1,1,0,1,0,1,1,0,0,1
1049963137649143808,1,0,1,0,1,1,1,0,1,0
1049924796010639361,1,1,0,0,1,1,0,0,0,0
1049914219964043265,0,0,0,0,0,0,1,0,1,0
1049903462480261121,0,0,1,1,0,0,0,1,0,1
1049860789698318336,0,1,1,0,0,0,0,0,1,0
1049598640690409472,0,0,1,1,0,1,0,0,0,0
1049594695586914304,0,0,1,0,1,0,0,0,1,1
1049594692340465664,0,0,0,0,1,0,0,0,1,0
1049557875121565696,1,0,1,1,0,0,1,0,1,1
1049507093835907072,0,0,0,1,0,1,0,0,1,0
1049502989420032000,0,1,0,1,1,1,1,1,1,0
1049495442222772224,1,0,1,1,1,0,1,1,0,0
1049340992023748614,1,0,1,1,1,1,1,1,0,1
1049188479773683712,0,0,1,0,0,1,0,1,1,1
1049188404494307328,0,1,0,1,0,0,0,1,0,1
1049188348324139008,0,0,1,1,0,0,0,1,1,0
1049180911475052544,0,0,0,0,0,1,1,1,1,0
1049158844947939328,0,0,1,1,1,0,1,1,1,1
1049137895573864448,0,0,1,1,0,0,0,0,1,1
1048851300442656769,0,1,1,0,0,0,1,1,1,1
1048829205960507394,1,0,1,0,1,1,1,1,0,0
1048817727111090176,1,1,1,1,0,0,0,0,0,1
1059823230335283200,0,0,1,0,1,1,1,0,0,0
1059397817385533440,1,1,1,0,0,0,0,1,0,0
1059392127015079936,1,1,0,1,0,1,1,0,0,1
1059389862032228352,1,0,0,0,1,0,0,1,0,1
1059336625929510912,1,1,1,0,0,0,1,1,1,1
1059325916600524800,1,1,0,0,0,0,1,0,1,0
1059324430772428800,0,1,1,1,0,0,1,0,0,0
1059287527172030464,1,0,1,0,1,1,1,0,1,1
1059244923453693952,0,0,0,1,1,1,1,1,0,1
1059111386549288966,1,1,0,0,1,1,0,0,0,0
1059106772290428928,1,1,0,0,1,0,0,0,0,0
1059026596215095296,1,0,0,1,0,1,0,1,0,0
1058941643259297792,0,0,0,0,1,0,1,0,0,0
1058940274745978882,1,0,1,0,1,1,1,1,1,1
1058938406976204800,0,0,1,1,0,1,0,1,0,1
1058800320413872128,0,0,0,0,0,0,0,0,1,0
1058796937053437952,0,1,0,1,1,1,1,0,0,1
1058737152018841605,0,1,0,0,1,1,1,0,1,1
1058710441524977665,0,1,1,1,1,1,0,0,0,0
1058672434449207296,1,0,0,1,0,1,0,0,1,1
1058346102641094657,0,1,0,0,0,0,1,1,0,1
1058305291769573381,1,1,1,0,0,0,0,0,0,0
1058287349409423360,0,0,1,1,1,1,1,1,0,1
1058238853725614081,0,1,1,1,1,1,1,0,0,1
1058231457724780544,0,1,0,0,0,1,1,0,0,1
1058196592459702274,1,1,0,0,0,1,1,0,0,0
1058171840751820800,0,0,1,1,1,1,1,1,0,1
1058080083607502849,1,1,1,0,1,1,0,0,1,1
1058001554832277504,0,0,1,1,1,0,1,0,0,0
1057906815860641792,1,0,1,1,0,1,0,0,1,0
1057835985201963008,0,1,1,0,1,1,0,1,1,1
1057732576549453824,1,0,0,1,0,1,0,0,1,1
1057713132162945024,0,0,1,0,0,0,1,1,0,1
1057567932815982593,0,1,0,1,1,0,0,0,0,1
1057483041558446085,1,0,0,1,1,0,0,1,0,1
1057244597506752512,0,0,0,0,1,0,1,0,0,1
1057243245464432641,0,1,1,0,1,1,1,0,1,0
1057191627633147904,1,1,0,1,1,1,1,0,1,1
1057141319221592064,0,0,1,1,0,1,1,0,0,1
1056961783271956480,1,1,0,0,0,0,0,1,1,1
1056889713087340546,1,1,0,1,1,1,0,0,1,1
1056872994948239360,1,0,0,1,1,1,0,0,0,1
1058344244786561029,1,1,0,0,1,1,1,0,0,1
1058294436684275712,1,1,0,1,1,1,1,0,0,1
1058123791954366464,0,1,1,1,0,0,0,1,1,1
1057799953710493696,0,0,0,0,0,0,1,1,1,1
1056874607217598465,1,0,1,1,1,1,0,0,0,1
1056435111917285377,0,0,1,1,0,1,1,1,1,0
1052237006208548865,1,1,0,1,0,0,0,0,0,1
1052007570066612224,0,1,0,0,1,0,1,1,0,0
1052002617600151552,0,1,1,1,1,0,0,1,1,0
1051929779824455682,0,1,0,0,1,0,1,1,1,1
1051925229348503552,1,1,1,1,0,0,0,1,1,0
1051810928180621313,1,0,0,1,0,1,1,0,1,1
1051798529079824384,1,0,0,1,1,0,0,1,0,1
1051768471804043264,1,0,0,0,0,1,0,1,1,1
1051738206142586882,0,1,1,0,0,1,1,1,1,0
1051725879523471360,0,1,1,0,0,0,1,1,1,1
1051656675155820545,1,0,1,0,0,0,0,0,0,0
1051655922500554752,1,1,1,0,0,1,0,1,1,1
1051654707293302784,0,0,1,1,1,1,0,0,1,1
1051652899229429760,1,0,1,1,1,1,0,1,1,0
1051643341941571584,1,1,0,1,1,0,1,1,1,1
1051642834527301633,1,0,1,0,0,0,1,0,0,1
1051616529920348160,0,0,1,0,1,1,1,1,0,1
1051586077989863424,1,0,1,0,0,0,0,0,1,1
1051417276036014080,0,1,1,0,1,0,1,0,1,0
1051239991957803008,1,1,1,0,0,0,0,0,1,1
1051214758370631680,1,1,1,0,0,1,1,0,0,0
1051111169690353664,0,1,0,0,0,1,1,0,1,1
1051087870214078464,1,0,1,0,1,0,1,0,1,0
1051005884464128001,1,1,0,0,0,0,0,0,0,0
1050991995366211584,1,0,1,0,0,0,1,0,1,0
1050910982115971073,0,1,1,0,0,0,0,1,1,1
1050749256410324992,0,0,1,0,1,1,1,0,0,0
1050702391165612032,0,1,1,1,1,1,1,0,1,1
1050674830712889345,1,0,1,0,1,0,1,1,1,0
1050665835977555969,1,0,0,1,0,0,0,1,0,1
1050605251605094402,1,1,0,0,0,1,0,1,1,0
1050591073838424064,1,1,1,0,1,0,0,0,1,0
1050590285883797504,0,0,0,0,1,1,0,1,0,1
1050570886405742593,1,0,1,1,0,1,0,1,0,1
1050541434632331264,0,0,0,1,0,0,0,1,0,0
1050497944972070912,1,0,1,1,1,0,1,1,0,1
1050398499865600003,1,0,1,0,1,0,1,0,1,1
1050330373878685696,1,0,0,1,0,1,0,0,1,1
1050322718766260225,1,0,1,1,1,1,0,1,0,1
1050283338643034112,0,0,1,0,0,1,0,0,1,1
1050195248385687552,1,1,1,0,0,1,0,1,0,0
1050101464662560768,1,0,0,1,0,0,0,1,1,1
1050034179075960838,0,1,0,0,0,0,0,0,1,0
1050033464043556866,1,1,0,0,1,1,1,0,1,1
1049952892143030272,0,0,0,0,0,1,1,1,0,1
1049940911948324864,1,0,0,0,1,1,1,0,1,1
1049904241165443077,1,0,1,1,1,1,0,1,1,1
1049873692149391360,1,0,0,1,1,1,0,0,1,0
1049820154463481857,1,1,1,1,1,0,0,0,1,1
1049814138451623936,1,1,1,1,0,1,1,0,1,0
1049743993603538945,1,0,1,0,0,0,0,1,0,1
1049666429149016069,0,1,0,0,1,1,0,0,1,0
1049538911251427329,1,0,1,0,0,1,1,0,0,1
1049536704716005376,1,0,1,1,1,1,1,0,1,0
1049534937622179841,1,0,1,0,0,0,0,1,0,1
1049534394623348737,0,0,1,1,1,0,0,1,0,1
1049507742023528449,0,1,0,0,0,0,0,0,1,0
1049503768310501376,1,1,1,1,0,0,0,0,1,1
1049497359262961665,0,1,0,0,1,0,0,1,0,0
1049459433028251650,0,1,0,0,1,0,1,1,1,0
1049443092040798208,1,1,0,1,1,0,0,1,1,0
1049407609973792768,0,0,0,0,0,0,0,1,1,1
1049367953085362176,0,0,1,0,1,0,0,0,1,1
1049344613398413317,0,0,0,0,0,1,1,0,0,0
1049339576962207744,0,1,1,0,1,1,0,0,0,1
1049335380347052032,1,1,1,1,0,1,0,0,0,1
1049225377946599424,0,1,0,0,1,0,0,0,1,0
1049199856705712129,1,1,1,0,1,0,1,0,0,1
1049166520058699777,0,1,1,1,0,1,1,0,0,1
1049111661611610112,0,0,1,1,1,1,0,1,1,1
1049108663518908416,0,1,1,1,0,0,1,1,0,1
1048934723110690817,0,1,1,1,1,1,1,1,1,1
1048915860604289025,1,1,0,1,1,1,1,1,1,0
1048896761689853952,1,1,1,0,0,1,0,0,1,0
1048857894483947520,0,1,1,0,1,0,1,1,1,0
1048851309741273088,0,0,1,1,1,1,0,0,0,0
1048763321074274304,0,1,0,0,0,1,1,1,0,0
1048741613747363840,0,1,1,1,0,0,0,1,1,1
1048738028842147840,0,0,0,1,0,0,0,1,0,0
1048735588742877185,1,1,1,1,1,1,1,0,1,0
1048731458074898433,0,0,0,1,0,1,1,0,0,1
1048731193531817984,0,1,0,0,0,0,1,0,1,0
1048731032462086144,1,1,0,1,1,0,0,0,1,1
1048729380514480128,0,1,0,0,0,1,0,1,0,0
1048608256162025472,1,1,1,1,1,0,0,0,0,1
1074612752243720195,1,1,1,1,0,0,0,0,1,1
1073484871027384320,0,1,0,0,1,1,1,0,0,1
1072859181730934784,0,0,1,1,1,0,0,1,0,0
1072858875987197952,0,0,0,1,1,0,1,1,1,0
1072380322791211008,1,0,1,0,0,0,0,1,1,1
1072161060160004096,1,1,0,0,1,1,1,0,0,0
1071073245921722369,1,1,0,0,0,1,1,0,1,1
1074649690883403776,0,1,0,0,1,1,0,0,1,1
1074449150794715136,0,1,1,1,0,0,0,0,1,0
1074372087937228800,1,0,1,0,1,0,0,1,1,1
1073721863514124288,1,0,0,1,1,0,0,0,1,1
1072713100573298688,1,0,1,1,1,0,1,1,0,0
1072123625518579712,1,0,1,0,1,1,1,0,0,1
1072098832496906241,0,1,1,1,1,0,0,0,0,1
1072090449018540032,1,0,0,1,0,0,0,1,0,1
1072087857781768199,1,1,1,0,0,1,1,1,0,1
1072068985749950464,1,1,0,1,1,1,1,1,0,1
1072057712912068608,0,0,1,1,1,1,0,1,0,1
1072049996776783872,1,1,1,1,0,0,0,0,0,1
1072040551434907649,0,1,0,1,1,0,0,0,0,0
1072023671492042752,1,1,1,1,0,1,1,0,0,1
1070902258395688960,1,0,0,1,0,1,1,0,1,0
